227_545372_6, 0
941_251117, 1
941_251119, 2
227_4290732_17, 3
941_293097, 4
941_7503714, 5
227_532421_1, 6
941_308807, 7
941_308813, 8
227_4238373_1, 9
941_6513589, 10
941_6513590, 11
227_545381_1, 12
941_308806, 13
227_622693_1, 14
941_308293, 15
195_275857, 16
227_2325792_5, 17
941_308791, 18
941_308792, 19
227_4290735_8, 20
941_216847, 21
941_7501791, 22
227_448313_1, 23
195_275991, 24
941_263817, 25
227_610313_1, 26
202_10932, 27
195_275940, 28
227_544662_1, 29
941_228236, 30
195_275810, 31
227_2326448_1, 32
195_275852, 33
941_308266, 34
227_623371_5, 35
941_8223394, 36
941_239124, 37
227_448282_6, 38
941_8223272, 39
941_263762, 40
227_623216_5, 41
195_281045, 42
941_308476, 43
227_448312_1, 44
941_263809, 45
195_275827, 46
227_622694_1, 47
941_308326, 48
195_275851, 49
227_4373572_5, 50
204_1078145, 51
941_6813016, 52
227_448334_2, 53
941_293023, 54
941_8221931, 55
227_636199_1, 56
941_279469, 57
941_279472, 58
227_518909_6, 59
941_308710, 60
941_8221834, 61
227_610101_1, 62
941_308517, 63
195_281059, 64
227_448283_1, 65
941_263761, 66
941_263760, 67
227_571289_5, 68
941_308643, 69
195_280746, 70
227_622691_5, 71
941_293036, 72
941_293037, 73
227_610278_5, 74
941_8223209, 75
195_281039, 76
227_622687_6, 77
941_263801, 78
195_275830, 79
227_4238377_1, 80
941_6513594, 81
941_6513593, 82
227_3893523_3, 83
941_308801, 84
195_280589, 85
227_4238375_1, 86
941_6513585, 87
227_452773_6, 88
941_8221486, 89
941_8414983, 90
227_3893522_6, 91
941_308795, 92
227_3993379_2, 93
195_2136545, 94
941_5989506, 95
227_452629_1, 96
941_251105, 97
204_73440, 98
227_452646_6, 99
941_8222447, 100
941_279417, 101
227_448349_5, 102
941_308186, 103
195_275889, 104
227_597292_19, 105
941_308630, 106
204_73485, 107
227_448316_1, 108
195_275858, 109
195_275859, 110
227_610299_6, 111
941_263816, 112
941_263824, 113
227_452651_1, 114
941_279473, 115
227_558417_8, 116
941_7516790, 117
200_1280738, 118
227_558439_5, 119
941_308670, 120
195_280765, 121
227_532429_6, 122
941_308400, 123
941_308396, 124
227_4290723_9, 125
941_8221809, 126
941_8221511, 127
227_584103_7, 128
941_279403, 129
941_8222401, 130
227_448306_6, 131
941_308294, 132
227_610277_4, 133
195_2345030, 134
195_280743, 135
227_623213_6, 136
941_8222234, 137
941_8222235, 138
227_597245_5, 139
941_279449, 140
941_8222415, 141
227_4290644_6, 142
941_308659, 143
941_8221492, 144
227_448287_1, 145
941_263829, 146
195_275993, 147
227_4290727_9, 148
941_308497, 149
941_7506640, 150
227_519601_7, 151
941_308532, 152
941_308528, 153
227_570589_1, 154
941_308264, 155
227_610099_9, 156
941_279433, 157
195_2548401, 158
227_4589971_5, 159
204_1400161, 160
207_4392274, 161
227_4589973_10, 162
226_436225, 163
941_3544963, 164
227_451616_1, 165
941_308216, 166
195_281042, 167
227_451614_1, 168
941_308170, 169
941_308167, 170
227_583940_6, 171
941_263847, 172
195_275825, 173
227_448319_1, 174
193_29872, 175
227_610330_4, 176
941_8221489, 177
941_308680, 178
227_622698_1, 179
204_73449, 180
941_308469, 181
227_452685_1, 182
941_308834, 183
195_275874, 184
227_519565_1, 185
941_279420, 186
195_280577, 187
gpc_10076_pri_mtr, 188
941_239146, 189
207_4394673, 190
227_2662780_6, 191
941_8222385, 192
941_293093, 193
227_597105_7, 194
941_308378, 195
941_308379, 196
227_451619_1, 197
195_340821, 198
227_623216_7, 199
941_308474, 200
227_596542_7, 201
941_279412, 202
227_622696_7, 203
195_275996, 204
195_275831, 205
227_623210_1, 206
941_308210, 207
941_308207, 208
227_531788_1, 209
941_239139, 210
941_239137, 211
227_452682_1, 212
941_308803, 213
941_308804, 214
227_635509_5, 215
941_293001, 216
941_293002, 217
227_519579_8, 218
941_5747811, 219
204_1078146, 220
227_448294_1, 221
195_275988, 222
941_263792, 223
227_610324_1, 224
941_308701, 225
195_281071, 226
229_1239012_3, 227
195_280588, 228
208_4433, 229
227_448329_1, 230
941_308470, 231
195_275869, 232
227_451610_2, 233
941_8222102, 234
195_281053, 235
227_622689_1, 236
941_279468, 237
195_275839, 238
227_532411_2, 239
195_275805, 240
189_3559474, 241
227_597292_20, 242
941_8221817, 243
227_452633_6, 244
941_263842, 245
941_8223322, 246
227_452683_1, 247
941_308823, 248
227_452701_4, 249
941_293054, 250
941_5712904, 251
227_636027_5, 252
941_308206, 253
195_1270131, 254
227_545387_5, 255
941_308243, 256
941_308230, 257
227_448289_1, 258
941_263788, 259
195_275829, 260
229_1268086_2, 261
195_280748, 262
208_5926, 263
227_558418_7, 264
941_251112, 265
941_8223360, 266
227_4290542_5, 267
s3908, 268
941_308785, 269
227_532248_6, 270
941_263880, 271
941_263871, 272
gpc_10080_pri_mtr, 273
941_7495329, 274
207_4333186, 275
227_584101_5, 276
941_279415, 277
227_622705_10, 278
941_308428, 279
195_275947, 280
227_531797_4, 281
941_8221958, 282
195_275894, 283
227_623400_5, 284
941_8221515, 285
941_308576, 286
227_452605_1, 287
941_228265, 288
941_228268, 289
227_2326104_5, 290
195_275907, 291
941_308244, 292
227_452799_4, 293
941_8223446, 294
941_308653, 295
227_609588_6, 296
941_263791, 297
195_275987, 298
227_452719_12, 299
941_308228, 300
195_281041, 301
227_4075025_6, 302
189_3710231, 303
195_2268737, 304
227_545207_1, 305
941_308372, 306
204_73467, 307
227_452801_1, 308
195_280764, 309
227_2327057_2, 310
941_3544965, 311
941_251109, 312
227_623399_3, 313
195_275965, 314
227_557724_5, 315
195_275864, 316
941_308592, 317
227_4589974_3, 318
941_7516786, 319
941_7516791, 320
227_545387_8, 321
227_635518_1, 322
941_308521, 323
195_275913, 324
227_452686_3, 325
941_8221842, 326
941_308611, 327
227_596543_6, 328
941_263789, 329
195_275838, 330
227_2326443_1, 331
195_275878, 332
941_308748, 333
227_583399_1, 334
941_239157, 335
195_275815, 336
227_609593_1, 337
941_308424, 338
941_308425, 339
227_4748266_2, 340
941_8223416, 341
941_239141, 342
227_3702150_3, 343
941_5335032, 344
941_8223417, 345
227_452607_6, 346
941_228260, 347
941_228261, 348
227_597270_2, 349
202_121073, 350
941_308586, 351
227_4589969_4, 352
200_1280737, 353
227_4290733_6, 354
941_7505053, 355
941_8223398, 356
227_2326445_6, 357
941_308465, 358
195_281047, 359
227_636225_2, 360
941_308681, 361
195_281070, 362
227_583402_8, 363
941_263756, 364
941_263757, 365
227_3456325_15, 366
189_4069459, 367
227_448270_5, 368
941_228273, 369
941_8223419, 370
227_597258_6, 371
941_279430, 372
941_279436, 373
227_2664032_1, 374
196_8760, 375
200_552329, 376
227_448332_1, 377
195_275871, 378
195_275865, 379
227_4238374_4, 380
195_2361814, 381
227_610307_6, 382
941_8222340, 383
195_280587, 384
229_524806_1, 385
941_308581, 386
200_550413, 387
227_452728_3, 388
195_275915, 389
227_452724_1, 390
941_308554, 391
195_275914, 392
227_452770_5, 393
941_308787, 394
941_308788, 395
227_583945_1, 396
204_73464, 397
195_275909, 398
227_448299_1, 399
941_308164, 400
941_308161, 401
227_623373_1, 402
941_279480, 403
195_280744, 404
227_623370_1, 405
941_239126, 406
941_239127, 407
227_4748262_1, 408
941_8223215, 409
195_275826, 410
227_532423_5, 411
941_308824, 412
941_308809, 413
227_448259_6, 414
941_5335031, 415
227_597285_1, 416
195_280761, 417
227_623391_6, 418
941_308415, 419
227_4374704_9, 420
941_6816737, 421
941_6815440, 422
227_448348_5, 423
941_8222306, 424
941_308201, 425
227_2404879_1, 426
941_308212, 427
195_1270130, 428
227_2662780_11, 429
941_7517073, 430
941_7516799, 431
227_448292_3, 432
204_73441, 433
227_451629_1, 434
941_308276, 435
941_308267, 436
227_596541_7, 437
941_8223270, 438
227_545374_5, 439
941_8223350, 440
229_524805_1, 441
941_308580, 442
227_452771_6, 443
941_308784, 444
200_1050722, 445
227_557721_2, 446
195_275995, 447
195_1891505, 448
227_2326442_2, 449
941_4827460, 450
227_452691_1, 451
195_280583, 452
195_280584, 453
227_636033_1, 454
941_308462, 455
204_73475, 456
227_558417_7, 457
227_622684_2, 458
941_8223428, 459
195_340819, 460
227_452643_3, 461
204_73444, 462
227_4589974_1, 463
189_4069458, 464
229_526409_1, 465
941_308501, 466
200_552331, 467
227_571291_5, 468
941_8222360, 469
941_293053, 470
227_452631_1, 471
941_251110, 472
227_622705_9, 473
941_8221928, 474
227_623375_1, 475
941_279397, 476
202_10930, 477
227_635508_1, 478
941_263770, 479
941_263765, 480
227_451631_1, 481
195_275911, 482
195_275904, 483
227_4748267_1, 484
195_2388101, 485
227_452700_6, 486
941_8222363, 487
227_4748420_1, 488
941_8222309, 489
941_8223587, 490
227_3888643_5, 491
941_239154, 492
227_597281_1, 493
195_280752, 494
227_452635_2, 495
941_263771, 496
941_263775, 497
227_448263_1, 498
941_228270, 499
941_228271, 500
227_451618_1, 501
227_557718_5, 502
941_8222078, 503
941_308263, 504
227_2662741_2, 505
200_550412, 506
227_636197_4, 507
195_2444817, 508
941_8223202, 509
227_609586_1, 510
941_263745, 511
941_263747, 512
227_3692847_5, 513
941_4805030, 514
204_859283, 515
227_635514_2, 516
941_308436, 517
195_275866, 518
227_4589977_1, 519
196_265713, 520
200_1280739, 521
227_4290543_9, 522
941_308771, 523
941_308764, 524
227_448260_5, 525
941_8223523, 526
941_228237, 527
227_519590_6, 528
941_308848, 529
941_7511843, 530
227_545383_6, 531
941_5758256, 532
941_8222318, 533
227_2326103_1, 534
195_275903, 535
227_452640_1, 536
204_73443, 537
227_557722_5, 538
195_275850, 539
941_308286, 540
227_2327059_5, 541
941_8223379, 542
227_448338_1, 543
941_308610, 544
227_622703_1, 545
195_275906, 546
227_558419_2, 547
195_1586936, 548
227_622704_1, 549
941_308457, 550
195_275944, 551
227_544666_3, 552
195_2675761, 553
227_571113_6, 554
941_308323, 555
227_448264_1, 556
941_228269, 557
227_4748268_1, 558
195_275814, 559
941_8223431, 560
227_596552_5, 561
941_8221955, 562
941_308407, 563
227_448267_1, 564
941_228267, 565
227_532428_1, 566
204_73466, 567
941_308237, 568
227_4290644_8, 569
941_7508832, 570
227_452637_7, 571
202_121075, 572
941_8223212, 573
227_4748417_1, 574
195_275997, 575
941_8223521, 576
227_544671_1, 577
941_308182, 578
195_275892, 579
227_452806_1, 580
941_308754, 581
941_308744, 582
227_448290_5, 583
941_263798, 584
941_263794, 585
227_532412_1, 586
195_275804, 587
227_597284_9, 588
941_326065, 589
227_4290543_6, 590
941_7504420, 591
227_451636_1, 592
195_275939, 593
195_275942, 594
227_532430_5, 595
941_308573, 596
227_519580_5, 597
941_263832, 598
941_263830, 599
227_448273_1, 600
941_228275, 601
195_275816, 602
227_636031_5, 603
941_308318, 604
941_308319, 605
227_4748257_1, 606
941_308316, 607
227_597288_1, 608
941_308695, 609
195_280762, 610
227_571280_1, 611
941_279409, 612
227_597253_2, 613
227_623398_7, 614
941_8221826, 615
227_518905_2, 616
941_308328, 617
195_275849, 618
227_558416_1, 619
941_239119, 620
941_239120, 621
227_451630_4, 622
195_340824, 623
941_8222067, 624
227_3456325_11, 625
189_4069460, 626
227_448255_1, 627
227_452669_2, 628
195_281040, 629
227_519601_8, 630
204_73476, 631
227_571287_1, 632
227_2326447_1, 633
195_275853, 634
227_452702_1, 635
195_280750, 636
941_308897, 637
227_2326444_1, 638
195_275863, 639
227_532420_1, 640
195_280578, 641
227_610297_1, 642
941_251102, 643
941_251103, 644
227_584108_7, 645
941_8221967, 646
195_340823, 647
227_519576_1, 648
227_452642_2, 649
941_8222412, 650
204_73445, 651
227_623378_4, 652
941_8221839, 653
941_308723, 654
227_545383_4, 655
227_571286_1, 656
227_570584_1, 657
204_73442, 658
195_275992, 659
227_635506_5, 660
941_8223280, 661
941_263752, 662
227_4290735_7, 663
200_55281, 664
227_4748418_2, 665
941_8223528, 666
941_239148, 667
227_3702153_8, 668
941_5335038, 669
204_991033, 670
227_451633_1, 671
204_73469, 672
195_281058, 673
227_557717_6, 674
941_308330, 675
941_308331, 676
227_597266_1, 677
227_544664_1, 678
941_228272, 679
227_452622_3, 680
941_251113, 681
195_275817, 682
227_623385_1, 683
227_557716_1, 684
195_340820, 685
227_532414_6, 686
941_228256, 687
941_8223424, 688
227_597254_2, 689
941_239136, 690
227_622690_1, 691
941_293003, 692
941_293006, 693
227_596540_2, 694
227_623211_7, 695
941_308194, 696
227_545373_5, 697
941_263834, 698
227_609596_5, 699
204_73459, 700
227_452672_4, 701
941_293103, 702
941_293104, 703
227_597269_2, 704
204_73468, 705
227_635520_1, 706
195_275946, 707
227_448317_1, 708
941_308296, 709
227_2664038_1, 710
227_544663_1, 711
gpc_10076_tl1, 712
941_7275170, 713
227_448266_1, 714
941_239156, 715
227_451617_8, 716
941_8222312, 717
227_452715_1, 718
227_452712_1, 719
941_308393, 720
227_2662739_1, 721
196_8758, 722
200_550411, 723
227_448351_1, 724
195_275895, 725
195_275893, 726
227_2325788_9, 727
226_14174, 728
227_584102_10, 729
195_2684785, 730
941_8222394, 731
227_4748260_4, 732
941_7516798, 733
227_623381_3, 734
941_293071, 735
195_275880, 736
227_518904_6, 737
941_263755, 738
227_4290721_9, 739
941_7510165, 740
227_452652_6, 741
195_275835, 742
941_279464, 743
227_584125_1, 744
941_308725, 745
227_4589970_1, 746
195_1865473, 747
227_3450563_2, 748
195_1863013, 749
227_452719_9, 750
941_7398227, 751
941_308235, 752
229_140070_1, 753
941_293073, 754
227_448318_1, 755
941_308280, 756
195_275860, 757
227_4083281_1, 758
941_6102722, 759
227_4748259_5, 760
941_8222233, 761
227_448262_4, 762
941_239144, 763
941_8223404, 764
227_3893522_8, 765
227_448247_1, 766
941_293034, 767
941_293035, 768
227_635515_1, 769
941_308467, 770
227_597291_6, 771
941_308755, 772
227_452803_5, 773
941_308627, 774
941_308625, 775
227_623369_1, 776
941_228243, 777
941_228245, 778
227_3888646_9, 779
941_239114, 780
941_8223443, 781
227_451617_7, 782
227_448293_6, 783
227_448256_6, 784
195_2704817, 785
227_2325788_6, 786
200_55132, 787
941_7501514, 788
227_452690_8, 789
941_5315019, 790
227_597107_3, 791
941_308366, 792
195_275910, 793
227_532414_4, 794
941_8223421, 795
227_448302_1, 796
195_275844, 797
227_635510_1, 798
941_308301, 799
941_308304, 800
227_532403_3, 801
226_340977, 802
941_279439, 803
227_584102_8, 804
941_293102, 805
227_452688_5, 806
941_8221824, 807
195_281048, 808
227_452704_1, 809
941_308906, 810
227_451628_1, 811
195_275905, 812
227_4290727_7, 813
227_597263_5, 814
941_308854, 815
941_308846, 816
227_519579_7, 817
227_448275_2, 818
189_3548002, 819
227_610278_6, 820
941_279437, 821
227_622687_5, 822
227_3993379_1, 823
941_5925347, 824
227_452676_5, 825
941_308595, 826
195_281043, 827
227_571284_1, 828
195_281044, 829
227_3890163_6, 830
195_280594, 831
941_5750694, 832
227_610299_5, 833
227_597264_1, 834
941_308898, 835
227_452753_1, 836
195_281063, 837
227_610321_1, 838
195_280596, 839
941_308697, 840
227_448248_8, 841
941_293031, 842
941_293032, 843
227_452795_3, 844
195_280767, 845
227_4238369_1, 846
941_6513586, 847
227_545384_1, 848
195_280586, 849
195_281050, 850
227_452650_5, 851
941_279399, 852
941_279395, 853
227_636030_1, 854
204_73465, 855
227_636029_5, 856
941_308364, 857
227_452612_2, 858
227_4290725_6, 859
941_7499337, 860
227_609587_6, 861
227_623208_5, 862
941_308453, 863
195_281046, 864
229_1276468_3, 865
200_1280741, 866
227_4374704_13, 867
941_6815439, 868
941_6815438, 869
227_3993378_5, 870
941_5989505, 871
227_452677_1, 872
204_73450, 873
227_452649_4, 874
195_275833, 875
941_279423, 876
227_4748261_3, 877
195_1270132, 878
227_4238371_1, 879
941_6513587, 880
941_6513588, 881
227_519607_3, 882
227_4238376_1, 883
195_275824, 884
227_448309_1, 885
941_308300, 886
227_557720_1, 887
195_276000, 888
195_275998, 889
227_448262_6, 890
189_3548001, 891
227_570583_1, 892
941_263799, 893
227_2664039_1, 894
200_552330, 895
227_451605_2, 896
941_293065, 897
195_281051, 898
227_545382_5, 899
941_308858, 900
227_558253_1, 901
227_4565217_2, 902
204_1389537, 903
227_583940_5, 904
941_263857, 905
227_623215_1, 906
227_623209_1, 907
229_140129_5, 908
207_745802, 909
227_2325792_4, 910
227_558427_1, 911
941_308872, 912
227_584095_7, 913
941_239115, 914
227_4238370_1, 915
227_452655_6, 916
195_275834, 917
941_279475, 918
227_3702151_3, 919
941_5335034, 920
227_451635_1, 921
227_557712_1, 922
941_239155, 923
227_2326115_8, 924
941_308720, 925
227_448314_1, 926
195_276002, 927
227_519412_1, 928
227_623371_4, 929
941_239121, 930
227_451609_6, 931
941_308214, 932
941_8223532, 933
227_448261_8, 934
941_228255, 935
941_228250, 936
227_532425_2, 937
941_293089, 938
227_448310_5, 939
941_308225, 940
227_584124_1, 941
195_280598, 942
227_3740689_4, 943
195_2004450, 944
227_2325786_6, 945
195_2617729, 946
941_326059, 947
227_4373572_6, 948
227_518901_1, 949
195_275820, 950
227_636226_1, 951
227_571279_5, 952
941_239117, 953
941_239118, 954
227_452628_1, 955
941_251101, 956
227_571289_4, 957
229_1268087_2, 958
195_274863, 959
208_5927, 960
227_4290732_19, 961
941_7516796, 962
227_452646_7, 963
227_448349_4, 964
227_597292_16, 965
227_452633_5, 966
227_448330_1, 967
195_275870, 968
227_583404_1, 969
195_275840, 970
227_452838_1, 971
941_308684, 972
195_275962, 973
227_558254_2, 974
227_4290727_10, 975
195_275943, 976
227_448331_1, 977
227_570588_1, 978
227_597245_4, 979
227_448282_5, 980
227_519409_1, 981
195_275908, 982
227_545375_1, 983
941_263785, 984
941_263796, 985
227_4374704_11, 986
227_3702152_1, 987
941_5335035, 988
227_452759_6, 989
941_8221941, 990
227_545391_5, 991
941_308570, 992
227_448364_1, 993
941_308417, 994
941_308419, 995
227_623401_1, 996
227_4075025_5, 997
189_3710230, 998
229_1269474_2, 999
208_6018, 1000
227_4290732_20, 1001
200_1280740, 1002
227_448262_8, 1003
941_8223525, 1004
227_519408_1, 1005
227_531790_5, 1006
941_279465, 1007
227_610330_5, 1008
941_308678, 1009
227_4748264_1, 1010
195_275812, 1011
941_8223403, 1012
227_4748266_1, 1013
227_448248_5, 1014
941_8221934, 1015
941_293030, 1016
227_448301_1, 1017
941_308209, 1018
227_557719_1, 1019
941_263861, 1020
195_276001, 1021
227_597287_1, 1022
227_451609_4, 1023
227_636224_2, 1024
941_308704, 1025
195_275964, 1026
227_448261_6, 1027
941_5281849, 1028
227_597105_4, 1029
941_308377, 1030
227_451627_1, 1031
227_610322_1, 1032
195_280597, 1033
227_4374704_7, 1034
941_6816738, 1035
227_518909_7, 1036
195_275875, 1037
227_452614_1, 1038
941_228241, 1039
227_622691_6, 1040
204_73446, 1041
227_622697_1, 1042
195_275856, 1043
227_584099_2, 1044
227_610307_5, 1045
195_280581, 1046
227_636194_1, 1047
195_275828, 1048
227_636220_2, 1049
204_73484, 1050
227_4748269_1, 1051
941_8223432, 1052
227_3482466_5, 1053
941_8223434, 1054
227_558439_6, 1055
227_636027_4, 1056
227_532429_5, 1057
227_545376_2, 1058
227_597104_2, 1059
941_3544964, 1060
941_263886, 1061
227_3702153_7, 1062
941_5335036, 1063
227_448311_7, 1064
941_263853, 1065
227_452722_1, 1066
227_584103_6, 1067
941_279402, 1068
227_452653_1, 1069
195_275836, 1070
227_448306_5, 1071
227_2662780_8, 1072
941_293095, 1073
227_623400_6, 1074
195_275963, 1075
227_452604_1, 1076
227_623213_10, 1077
227_558426_1, 1078
941_308826, 1079
941_308828, 1080
227_545206_1, 1081
195_275846, 1082
941_308384, 1083
227_4290721_7, 1084
227_452800_1, 1085
200_55134, 1086
227_545205_1, 1087
227_448321_1, 1088
195_275861, 1089
227_452719_7, 1090
227_452754_1, 1091
227_4075025_7, 1092
227_610099_8, 1093
227_519582_3, 1094
227_545372_5, 1095
941_251120, 1096
227_448308_1, 1097
227_2326441_1, 1098
195_280747, 1099
227_609591_1, 1100
227_531790_7, 1101
941_279466, 1102
227_4589974_2, 1103
227_636210_1, 1104
227_4278836_1, 1105
941_263758, 1106
227_596543_5, 1107
227_448248_7, 1108
227_448311_8, 1109
195_275999, 1110
227_448320_1, 1111
227_452607_5, 1112
941_228259, 1113
227_597290_5, 1114
941_308707, 1115
227_584120_1, 1116
195_280756, 1117
195_280591, 1118
227_452684_1, 1119
195_280582, 1120
204_73451, 1121
227_636198_1, 1122
941_279476, 1123
227_448333_1, 1124
941_308420, 1125
227_4290733_5, 1126
200_951572, 1127
227_544658_1, 1128
941_293033, 1129
227_2326445_5, 1130
227_448261_4, 1131
941_5281850, 1132
227_636225_1, 1133
227_3702149_9, 1134
227_597105_6, 1135
227_596542_6, 1136
195_275832, 1137
227_4374704_5, 1138
941_6815437, 1139
227_597258_5, 1140
227_609588_5, 1141
227_635509_6, 1142
227_519605_1, 1143
941_308629, 1144
227_448260_6, 1145
195_275813, 1146
227_452681_1, 1147
941_308818, 1148
229_1268088_2, 1149
208_5928, 1150
227_532411_3, 1151
941_228264, 1152
227_452770_6, 1153
227_557722_6, 1154
941_308284, 1155
227_584098_1, 1156
941_263804, 1157
227_4290723_6, 1158
200_55126, 1159
227_448326_1, 1160
941_308423, 1161
227_3702153_5, 1162
227_4374699_5, 1163
227_452613_1, 1164
227_558418_6, 1165
941_251114, 1166
227_448311_5, 1167
227_584103_4, 1168
227_597290_8, 1169
227_596552_6, 1170
227_531793_1, 1171
227_3702155_2, 1172
204_991034, 1173
227_531797_5, 1174
227_451626_1, 1175
195_281057, 1176
227_2326104_6, 1177
227_452799_5, 1178
204_73482, 1179
227_545402_1, 1180
195_280590, 1181
227_4748265_1, 1182
227_584115_3, 1183
195_341134, 1184
227_609583_1, 1185
204_73435, 1186
227_2662780_10, 1187
227_452719_11, 1188
227_596541_6, 1189
227_448249_1, 1190
227_519580_6, 1191
204_73437, 1192
227_452772_1, 1193
227_518899_2, 1194
227_557724_6, 1195
195_275877, 1196
227_623367_1, 1197
227_448258_1, 1198
204_73433, 1199
227_519578_10, 1200
941_228258, 1201
227_4374699_8, 1202
941_8221867, 1203
227_3888643_4, 1204
227_4083282_1, 1205
195_2268660, 1206
227_571290_3, 1207
941_8222354, 1208
227_583398_1, 1209
227_519589_2, 1210
941_308636, 1211
gpc_01000_tl, 1212
195_274865, 1213
208_4420, 1214
227_2662741_1, 1215
227_448270_4, 1216
227_570590_1, 1217
227_4589975_2, 1218
189_4069461, 1219
227_519590_7, 1220
227_4374699_7, 1221
227_558418_4, 1222
227_622705_7, 1223
941_308438, 1224
227_532248_5, 1225
941_263881, 1226
227_571113_5, 1227
227_584101_6, 1228
227_597284_10, 1229
227_597261_1, 1230
227_448259_7, 1231
227_4290644_9, 1232
229_1276467_2, 1233
227_448290_6, 1234
195_275989, 1235
227_596547_1, 1236
195_275867, 1237
227_531786_1, 1238
227_545374_6, 1239
227_532415_1, 1240
941_279392, 1241
227_557713_2, 1242
204_1468673, 1243
195_275818, 1244
227_519578_9, 1245
227_518912_1, 1246
227_609592_1, 1247
941_293018, 1248
941_293017, 1249
227_518908_1, 1250
227_623377_1, 1251
941_308731, 1252
195_280745, 1253
227_610304_7, 1254
941_8222352, 1255
227_448325_1, 1256
227_452687_1, 1257
227_452680_1, 1258
195_275872, 1259
195_280580, 1260
227_452700_7, 1261
227_636032_1, 1262
227_531791_1, 1263
195_275847, 1264
227_532419_1, 1265
195_275837, 1266
227_570585_1, 1267
227_623376_1, 1268
227_448363_1, 1269
195_275941, 1270
227_518905_1, 1271
227_583402_7, 1272
941_263754, 1273
227_518904_5, 1274
195_275823, 1275
227_557718_4, 1276
941_308287, 1277
227_452648_2, 1278
195_280742, 1279
227_596544_3, 1280
227_518906_1, 1281
941_308303, 1282
227_3692847_4, 1283
227_4290543_8, 1284
227_623378_5, 1285
227_545383_7, 1286
227_597291_5, 1287
195_280769, 1288
227_2327059_6, 1289
227_448338_2, 1290
195_275876, 1291
227_4748418_1, 1292
227_452803_6, 1293
195_280766, 1294
227_518902_1, 1295
941_263759, 1296
227_557714_1, 1297
227_622705_5, 1298
227_448278_1, 1299
941_263748, 1300
227_532423_6, 1301
227_452679_1, 1302
941_308833, 1303
227_452637_6, 1304
227_558420_2, 1305
227_623391_5, 1306
227_452638_2, 1307
195_275990, 1308
227_518903_1, 1309
227_545373_6, 1310
227_448348_6, 1311
204_73458, 1312
227_531792_2, 1313
227_597257_1, 1314
941_263767, 1315
227_532430_4, 1316
227_623374_2, 1317
941_8222398, 1318
227_452678_1, 1319
227_452771_5, 1320
227_452807_1, 1321
227_519578_7, 1322
227_583406_1, 1323
941_263891, 1324
227_570586_4, 1325
941_293028, 1326
227_610304_5, 1327
227_570591_1, 1328
941_293020, 1329
227_452645_1, 1330
227_571291_6, 1331
229_1241108_1, 1332
195_2465889, 1333
208_4369, 1334
227_636201_1, 1335
204_73447, 1336
227_2404877_1, 1337
195_275843, 1338
227_636029_6, 1339
227_583402_5, 1340
227_4374704_14, 1341
195_275862, 1342
227_2662742_1, 1343
227_4837153_1, 1344
227_583407_1, 1345
227_610303_1, 1346
227_544669_1, 1347
227_571114_1, 1348
227_571117_1, 1349
195_275945, 1350
227_531794_5, 1351
941_8221924, 1352
227_4290732_13, 1353
941_7516800, 1354
227_448327_1, 1355
227_452671_1, 1356
227_596545_1, 1357
227_635506_4, 1358
227_3888646_6, 1359
227_448300_1, 1360
195_275842, 1361
227_4589978_1, 1362
227_584100_8, 1363
227_2326115_5, 1364
227_448293_5, 1365
227_558422_1, 1366
227_597262_1, 1367
227_448310_6, 1368
195_275855, 1369
227_623216_9, 1370
941_8221921, 1371
227_452688_6, 1372
227_2325786_5, 1373
227_597263_4, 1374
227_544665_1, 1375
195_275848, 1376
227_635512_1, 1377
227_571112_1, 1378
195_275845, 1379
229_1262108_2, 1380
195_274862, 1381
208_5532, 1382
227_448304_1, 1383
227_531789_1, 1384
227_545377_8, 1385
941_8222366, 1386
227_452672_5, 1387
227_597265_1, 1388
227_452644_6, 1389
227_636031_6, 1390
227_452668_1, 1391
227_4748257_2, 1392
227_584097_5, 1393
227_558425_1, 1394
195_275868, 1395
227_570586_6, 1396
227_4238372_1, 1397
227_636223_2, 1398
227_448305_1, 1399
195_275854, 1400
227_452630_1, 1401
227_452632_1, 1402
227_452650_4, 1403
227_623398_4, 1404
227_2325788_8, 1405
227_4290725_7, 1406
200_55127, 1407
227_452797_1, 1408
227_519588_1, 1409
195_275873, 1410
227_452548_3, 1411
195_341145, 1412
227_448350_1, 1413
227_583405_3, 1414
227_545377_5, 1415
229_1267847_2, 1416
195_340756, 1417
208_5895, 1418
227_4748259_4, 1419
227_635504_1, 1420
941_228240, 1421
227_545390_1, 1422
195_275918, 1423
195_275917, 1424
227_451605_3, 1425
227_4290732_15, 1426
227_545382_6, 1427
227_609584_13, 1428
227_531790_8, 1429
gpc_10072_tl1, 1430
227_557717_5, 1431
227_448286_1, 1432
227_451611_1, 1433
227_452655_7, 1434
227_2327058_1, 1435
204_73439, 1436
227_448335_1, 1437
227_452690_9, 1438
227_519586_1, 1439
227_448261_9, 1440
227_622685_1, 1441
227_452624_1, 1442
227_623211_4, 1443
227_623392_1, 1444
207_899936, 1445
229_1239010_4, 1446
208_4434, 1447
227_518909_4, 1448
227_558415_1, 1449
941_239116, 1450
227_571279_6, 1451
227_448275_3, 1452
195_275819, 1453
227_596539_7, 1454
227_452639_1, 1455
229_526410_1, 1456
227_531794_8, 1457
227_452676_6, 1458
227_3890163_7, 1459
195_2097953, 1460
227_597292_17, 1461
227_2664038_2, 1462
227_583397_2, 1463
227_448288_1, 1464
227_519581_1, 1465
227_571285_1, 1466
227_584095_4, 1467
227_452796_2, 1468
204_73483, 1469
227_518900_2, 1470
227_4748260_1, 1471
227_545400_1, 1472
227_623208_4, 1473
227_4290721_10, 1474
227_558437_1, 1475
227_452652_5, 1476
227_3993378_6, 1477
227_452759_5, 1478
227_519601_5, 1479
227_452649_5, 1480
227_4589973_9, 1481
227_545391_6, 1482
227_622692_1, 1483
228_3170354_8, 1484
941_251099, 1485
941_9096037, 1486
228_2307483_2, 1487
221_635684, 1488
gpc_10076_tl_line, 1489
208_6177, 1490
gpc_10076_tl, 1491
228_350995_1, 1492
941_308196, 1493
941_308172, 1494
228_350992_1, 1495
195_340757, 1496
228_3170369_3, 1497
941_9096034, 1498
195_2750257, 1499
228_353003_1, 1500
221_53523, 1501
195_274874, 1502
228_2896412_2, 1503
221_848897, 1504
941_7076311, 1505
228_353002_1, 1506
228_2459249_4, 1507
221_53500, 1508
228_350967_1, 1509
195_275076, 1510
195_275075, 1511
228_2878879_1, 1512
221_845396, 1513
941_251111, 1514
228_353012_1, 1515
221_53527, 1516
228_2896413_1, 1517
228_2373014_2, 1518
221_569666, 1519
195_1874240, 1520
228_2977173_3, 1521
221_870577, 1522
941_7398233, 1523
228_352975_1, 1524
221_53506, 1525
941_293080, 1526
228_350979_1, 1527
195_275083, 1528
200_55386, 1529
228_352969_1, 1530
221_53504, 1531
941_279390, 1532
228_352968_1, 1533
228_352964_1, 1534
941_279388, 1535
941_279387, 1536
228_3111682_2, 1537
941_8414981, 1538
195_2689347, 1539
228_352967_1, 1540
941_279389, 1541
gpc_10080_tl_line, 1542
gpc_10080_tl, 1543
228_350974_1, 1544
195_275080, 1545
228_352966_1, 1546
195_274861, 1547
228_350971_1, 1548
221_53505, 1549
228_350965_1, 1550
941_251098, 1551
228_352974_1, 1552
228_352971_1, 1553
941_293039, 1554
228_352962_2, 1555
941_6995048, 1556
941_251121, 1557
228_1301122_2, 1558
228_350997_1, 1559
941_308200, 1560
195_275088, 1561
228_350994_1, 1562
941_308198, 1563
941_308178, 1564
228_2307485_2, 1565
221_635685, 1566
228_352958_1, 1567
221_53501, 1568
941_263808, 1569
228_350990_1, 1570
941_308193, 1571
228_350985_1, 1572
941_308168, 1573
941_308166, 1574
228_350968_1, 1575
221_53503, 1576
228_352988_1, 1577
941_308772, 1578
195_274869, 1579
228_3038564_2, 1580
195_275081, 1581
941_293061, 1582
228_2473080_3, 1583
941_5798945, 1584
200_1067709, 1585
228_3170371_1, 1586
941_9096036, 1587
228_352984_1, 1588
221_53508, 1589
195_274867, 1590
228_2307484_3, 1591
195_1979943, 1592
228_352960_1, 1593
195_274860, 1594
228_352979_5, 1595
200_1157314, 1596
228_350976_1, 1597
941_293063, 1598
228_2878880_1, 1599
228_2896412_1, 1600
204_1353569, 1601
228_351030_1, 1602
221_53518, 1603
228_350987_1, 1604
195_275087, 1605
941_308162, 1606
228_2459250_1, 1607
195_275074, 1608
228_350986_1, 1609
228_2896410_3, 1610
228_350982_1, 1611
941_308163, 1612
195_275086, 1613
228_350975_10, 1614
228_352983_1, 1615
gpc_10072_tl_line, 1616
gpc_10072_tl, 1617
228_3111681_9, 1618
204_1455650, 1619
221_909985, 1620
228_352978_1, 1621
228_353012_2, 1622
195_274878, 1623
228_3111683_1, 1624
228_350988_2, 1625
200_1067710, 1626
941_308171, 1627
228_2999969_2, 1628
228_2977171_1, 1629
941_7398231, 1630
195_2544177, 1631
228_350963_1, 1632
221_53499, 1633
228_351028_1, 1634
228_350989_1, 1635
195_275084, 1636
228_2977170_4, 1637
200_1310740, 1638
228_2977173_2, 1639
228_350966_7, 1640
228_350978_1, 1641
228_350973_1, 1642
195_275078, 1643
228_352972_1, 1644
941_279386, 1645
195_274864, 1646
228_350962_1, 1647
195_275073, 1648
228_352737_1, 1649
228_350996_3, 1650
228_2977169_3, 1651
941_7398232, 1652
228_2977172_3, 1653
228_2473079_1, 1654
228_350983_1, 1655
195_275085, 1656
228_351027_1, 1657
221_53517, 1658
228_350969_1, 1659
228_352989_1, 1660
221_53510, 1661
195_274868, 1662
228_352986_1, 1663
221_53509, 1664
228_3170372_1, 1665
228_352973_1, 1666
228_352970_1, 1667
228_352987_1, 1668
941_308796, 1669
228_352985_1, 1670
228_352965_1, 1671
228_352959_1, 1672
228_350970_1, 1673
941_293019, 1674
195_275077, 1675
228_352961_1, 1676
228_350972_1, 1677
228_350991_2, 1678
228_351033_1, 1679
228_350977_1, 1680
195_275082, 1681
228_2307486_3, 1682
195_1979942, 1683
228_350984_1, 1684
228_2939073_2, 1685
228_2372515_1, 1686
228_350981_1, 1687
228_350980_1, 1688
228_3111681_6, 1689
228_353013_2, 1690
c0362_cyp_pcb_line_breaker, 1691
donalsonville_c0362_cyp, 1692
c0362_cyp_pcb, 1693
trip_node1,, 1694
trip_node2,, 1695
trip_node3,, 1696
trip_node4,, 1697
trip_node5,, 1698
trip_node6,, 1699
trip_node7,, 1700
trip_node8,, 1701
gpc_00550_gsu, 1702
gpc_01009_der, 1703
s3933, 1704
8695_c0362_cyp, 1705
gpc_01000_der, 1706
gpc_10072_lvcb, 1707
gpc_00552_der, 1708
gpc_10076_lvcb, 1709
gpc_10080_lvcb, 1710
860267_c0362_cyp, 1711
gpc_10080_gsu, 1712
860708_c0362_cyp, 1713
gpc_10080_der, 1714
gpc_10072_gsu, 1715
s3917, 1716
gpc_00550_lvcb, 1717
gpc_00549_lvcb, 1718
gpc_10076_gsu, 1719
gpc_10076_der, 1720
s3913, 1721
gpc_00549_der, 1722
gpc_10377_lvcb, 1723
1001200000539599_load, 1724
gpc_01000_lvcb, 1725
gpc_00552_lvcb, 1726
gpc_01009_lvcb, 1727
s3938, 1728
gpc_10377_der, 1729
8208_c0362_cyp, 1730
cap_227_452728_3, 1731
cap_227_623391_6, 1732
cap_227_623375_1, 1733
cap_227_452638_2, 1734
reg_c0362-cyp-reg_a, 1735
trans_reg_c0362-cyp-reg_a, 1736
reg_c0362-cyp-reg_b, 1737
trans_reg_c0362-cyp-reg_b, 1738
reg_c0362-cyp-reg_c, 1739
trans_reg_c0362-cyp-reg_c, 1740
trans_gpc-00550-gsu, 1741
trans_8695-c0362-cyp, 1742
trans_8208-c0362-cyp, 1743
trans_8208-c0362-cyp_1, 1744
8208_c0362_cyp_1, 1745
trans_860267-c0362-cyp, 1746
trans_gpc-10080-gsu, 1747
trans_860708-c0362-cyp, 1748
trans_gpc-10072-gsu, 1749
trans_gpc-10076-gsu, 1750
load_227_622693_1_a, 1751
load_227_622694_1_a, 1752
load_227_610101_1_a_c, 1753
load_227_571289_5_c_a_b, 1754
load_227_610278_5_a_c, 1755
load_227_3893523_3_c_a_b, 1756
load_227_448349_5_a, 1757
load_227_448316_1_a, 1758
load_227_558439_5_a_b_c, 1759
load_228_3170369_3_b, 1760
load_228_353003_1_a_b_c, 1761
load_227_570589_1_a, 1762
load_227_610099_9_a_b_c, 1763
load_227_451616_1_c, 1764
load_227_583940_6_c, 1765
load_227_452685_1_b, 1766
load_227_519565_1_a_b_c, 1767
load_228_350967_1_a, 1768
load_227_451619_1_a, 1769
load_227_610324_1_a_c, 1770
load_227_448329_1_b, 1771
load_227_451610_2_a_c, 1772
load_227_622689_1_a, 1773
load_227_636027_5_a_c, 1774
load_227_622705_10_c, 1775
load_228_2896413_1_a_b_c, 1776
load_227_531797_4_a, 1777
load_227_452719_12_c_a, 1778
load_228_2373014_2_a_b_c, 1779
load_227_623399_3_a, 1780
load_227_635518_1_b, 1781
load_227_2326445_6_b_c, 1782
load_227_636225_2_a_b, 1783
load_227_448332_1_b, 1784
load_227_4238374_4_a_b_c, 1785
load_227_610307_6_a_b_c, 1786
load_227_452724_1_b, 1787
load_227_583945_1_c, 1788
load_227_623373_1_a_b_c, 1789
load_228_3111682_2_a_b_c, 1790
load_227_597285_1_a_b_c, 1791
load_227_2404879_1_a, 1792
load_227_452691_1_a_b_c, 1793
load_227_622684_2_b, 1794
load_227_451631_1_b, 1795
load_227_4748267_1_a_b, 1796
load_227_597281_1_a_b_c, 1797
load_227_635514_2_c, 1798
load_228_350974_1_b, 1799
load_227_2326103_1_b, 1800
load_227_622703_1_a, 1801
load_227_622704_1_a, 1802
load_227_544671_1_a, 1803
load_227_532412_1_a, 1804
load_227_451636_1_a, 1805
load_227_448273_1_c, 1806
load_227_597288_1_a_b_c, 1807
load_228_350965_1_b, 1808
load_227_518905_2_c, 1809
load_227_452669_2_b_a, 1810
load_227_2326447_1_a, 1811
load_227_2326444_1_b, 1812
load_227_532420_1_a_b_c, 1813
load_227_584108_7_b, 1814
load_228_352971_1_a_b_c_a_b_c, 1815
load_227_451633_1_a, 1816
load_227_452622_3_a, 1817
load_228_350997_1_a, 1818
load_227_557716_1_a, 1819
load_227_635520_1_a, 1820
load_227_544663_1_b, 1821
load_227_448351_1_a, 1822
load_227_4748260_4_c, 1823
load_227_623381_3_a, 1824
load_227_3450563_2_b, 1825
load_228_352988_1_a_b_c, 1826
load_227_448318_1_a, 1827
load_227_448256_6_a_b_c, 1828
load_227_452690_8_a_b_c, 1829
load_227_597107_3_a, 1830
load_227_452688_5_a_c, 1831
load_227_451628_1_b, 1832
load_228_2307484_3_a_b_c, 1833
load_227_452676_5_a_c, 1834
load_227_571284_1_a_c, 1835
load_227_452753_1_b_c, 1836
load_228_352960_1_a_b_c, 1837
load_227_452795_3_b_a_c, 1838
load_227_545384_1_a, 1839
load_227_636030_1_b, 1840
load_227_623208_5_c_a, 1841
load_228_350976_1_c, 1842
load_227_451605_2_a_b, 1843
load_227_545382_5_a_b_c, 1844
load_227_558427_1_b_c_a, 1845
load_227_451635_1_a, 1846
load_227_584124_1_a_b_c, 1847
load_227_3740689_4_c, 1848
load_227_636226_1_b_c_a, 1849
load_8695-1001200000539490_b_c_a_a_b_c_a_b_c, 1850
load_228_350986_1_a, 1851
load_227_452646_7_a_b_c, 1852
load_227_448330_1_b, 1853
load_228_350982_1_a, 1854
load_227_452838_1_a, 1855
load_227_558254_2_a, 1856
load_227_4290727_10_c, 1857
load_227_448331_1_b, 1858
load_227_519409_1_a, 1859
load_227_636224_2_a, 1860
load_227_610322_1_c_a_b, 1861
load_227_518909_7_c, 1862
load_227_636194_1_c, 1863
load_227_452722_1_a, 1864
load_228_353012_2_a_b_c_a_b_c, 1865
load_227_448306_5_a, 1866
load_227_545205_1_b, 1867
load_227_448321_1_a, 1868
load_227_2326441_1_b, 1869
load_227_448311_8_a, 1870
load_228_2977171_1_a_b_c, 1871
load_227_584120_1_a_b_c, 1872
load_227_596542_6_b, 1873
load_227_451626_1_a_c, 1874
load_227_545402_1_a_b_c, 1875
load_227_584115_3_b_a_c, 1876
load_228_350989_1_a, 1877
load_860267-1002200000565507_a_b_c, 1878
load_227_557724_6_b, 1879
load_227_4374699_8_a_c, 1880
load_227_583398_1_b, 1881
load_228_350978_1_a, 1882
load_227_519590_7_a_b_c, 1883
load_227_584101_6_a, 1884
load_227_597284_10_a_b_c, 1885
load_227_597261_1_a_b_c, 1886
load_227_596547_1_a, 1887
load_227_532415_1_c_a_b, 1888
load_227_557713_2_c, 1889
load_228_350973_1_a, 1890
load_227_518908_1_b, 1891
load_227_623377_1_a_b_c, 1892
load_228_352972_1_a_b_c, 1893
load_227_452680_1_a_b_c, 1894
load_227_531791_1_c, 1895
load_227_532419_1_b, 1896
load_228_350962_1_c, 1897
load_227_623376_1_a_b_c, 1898
load_227_448363_1_c, 1899
load_227_518904_5_b, 1900
load_227_452648_2_b_a_c, 1901
load_227_596544_3_a, 1902
load_227_448338_2_b, 1903
load_227_452803_6_a_b_c, 1904
load_227_557714_1_b, 1905
load_227_597257_1_b, 1906
load_227_2404877_1_a, 1907
load_227_4374704_14_c, 1908
load_228_352989_1_a_b_c, 1909
load_227_610303_1_b, 1910
load_227_571117_1_b, 1911
load_228_352970_1_a_b_c, 1912
load_227_448300_1_c, 1913
load_227_584100_8_a_b_c, 1914
load_227_597262_1_a_b_c, 1915
load_227_448310_6_a, 1916
load_228_352965_1_a_b_c, 1917
load_227_2325786_5_a_b_c, 1918
load_227_544665_1_c, 1919
load_227_635512_1_a, 1920
load_227_571112_1_a, 1921
load_227_448304_1_a, 1922
load_227_452644_6_a_b, 1923
load_228_350970_1_b, 1924
load_228_352961_1_a, 1925
load_227_558425_1_a, 1926
load_227_448305_1_a, 1927
load_228_350991_2_a, 1928
load_228_350977_1_a, 1929
load_227_519588_1_b, 1930
load_1001200000539599_line_a_b_c, 1931
load_227_452548_3_a_b_c_a_b_c, 1932
load_228_2307486_3_a_b_c, 1933
load_228_350984_1_a, 1934
load_227_448350_1_a, 1935
load_228_2939073_2_a_b_c_c_a_b, 1936
load_227_635504_1_b, 1937
load_227_545390_1_b, 1938
load_227_452655_7_b, 1939
load_227_448275_3_c, 1940
load_227_3890163_7_b, 1941
load_227_597292_17_a, 1942
load_227_4290721_10_a, 1943
load_227_452652_5_c, 1944
464636_1, 1945
357101_1, 1946
420644_1, 1947
129064_1, 1948
197295_1, 1949
459711_1, 1950
288490_1, 1951
170879_1, 1952
281301_1, 1953
11933_1, 1954
229321_1, 1955
437325_1, 1956
170879_2, 1957
10127_1, 1958
197295_2, 1959
494283_1, 1960
459711_2, 1961
229321_2, 1962
281301_2, 1963
405914_1, 1964
46648_1, 1965
357101_2, 1966
506556_1, 1967
288490_2, 1968
494283_2, 1969
357101_3, 1970
170879_3, 1971
281301_3, 1972
219255_1, 1973
115010_1, 1974
180093_1, 1975
71175_1, 1976
23156_1, 1977
404945_1, 1978
406755_1, 1979
218212_1, 1980
404945_2, 1981
63786_1, 1982
539175_1, 1983
12618_1, 1984
52401_1, 1985
533874_1, 1986
506556_2, 1987