name,freq,voltage,current,power,timestamp
cap_227_452728_3,1,1.0291000333302494,85.76360274894066,0,datetime.datetime(2025, 9, 12, 15, 55, 37, 764962)
cap_227_623391_6,1,1.0290205705179034,85.756980441244,4.547473508864641e-16,datetime.datetime(2025, 9, 12, 15, 55, 37, 764962)
cap_227_623375_1,1,1.0358642811788168,129.49098703069538,2.9103830456733704e-14,datetime.datetime(2025, 9, 12, 15, 55, 37, 764962)
cap_227_452638_2,1,1.0370363999590613,86.42500725071756,0,datetime.datetime(2025, 9, 12, 15, 55, 37, 764962)
cap_227_452728_3,1,1.0311967920055807,85.93834336915967,1.4551915228366852e-14,datetime.datetime(2025, 9, 12, 15, 57, 37, 764962)
cap_227_623391_6,1,1.0310687924242432,85.9276760823165,0,datetime.datetime(2025, 9, 12, 15, 57, 37, 764962)
cap_227_623375_1,1,1.038422012529779,129.81072308416617,2.8194335754960775e-14,datetime.datetime(2025, 9, 12, 15, 57, 37, 764962)
cap_227_452638_2,1,1.0399107674166572,86.6645525823701,0,datetime.datetime(2025, 9, 12, 15, 57, 37, 764962)
cap_227_452728_3,1,1.0309057546078482,85.91408876323621,-1.4551915228366852e-14,datetime.datetime(2025, 9, 12, 15, 58, 37, 764962)
cap_227_623391_6,1,1.0306906446253488,85.89616183049023,1.4551915228366852e-14,datetime.datetime(2025, 9, 12, 15, 58, 37, 764962)
cap_227_623375_1,1,1.0381759095753045,129.7799583256306,0,datetime.datetime(2025, 9, 12, 15, 58, 37, 764962)
cap_227_452638_2,1,1.039625461521896,86.64077563102647,0,datetime.datetime(2025, 9, 12, 15, 58, 37, 764962)
cap_227_452728_3,1,1.0303422694925526,85.86712878654009,1.4551915228366852e-14,datetime.datetime(2025, 9, 12, 15, 59, 37, 764962)
cap_227_623391_6,1,1.0299944053928396,85.83813833129558,-1.4551915228366852e-14,datetime.datetime(2025, 9, 12, 15, 59, 37, 764962)
cap_227_623375_1,1,1.0375434278117253,129.7008932498935,0,datetime.datetime(2025, 9, 12, 15, 59, 37, 764962)
cap_227_452638_2,1,1.03890432985614,86.58067763500225,1.4551915228366852e-14,datetime.datetime(2025, 9, 12, 15, 59, 37, 764962)
cap_227_452728_3,1,1.0300788829685497,85.84517856160338,0,datetime.datetime(2025, 9, 12, 16, 0, 37, 764962)
cap_227_623391_6,1,1.0296768737925355,85.81167573956814,0,datetime.datetime(2025, 9, 12, 16, 0, 37, 764962)
cap_227_623375_1,1,1.0372250190775711,129.6610897138377,0,datetime.datetime(2025, 9, 12, 16, 0, 37, 764962)
cap_227_452638_2,1,1.0384477868099893,86.54263004470033,-1.546140993013978e-14,datetime.datetime(2025, 9, 12, 16, 0, 37, 764962)
cap_227_452728_3,1,1.0298769960243743,85.82835361638942,0,datetime.datetime(2025, 9, 12, 16, 1, 37, 764962)
cap_227_623391_6,1,1.0293834890486455,85.7872255094519,-1.4551915228366852e-14,datetime.datetime(2025, 9, 12, 16, 1, 37, 764962)
cap_227_623375_1,1,1.0369785742642512,129.63028222032216,1.8189894035458565e-15,datetime.datetime(2025, 9, 12, 16, 1, 37, 764962)
cap_227_452638_2,1,1.0381270427965539,86.51589973543841,-1.4551915228366852e-14,datetime.datetime(2025, 9, 12, 16, 1, 37, 764962)
cap_227_452728_3,1,1.029309640918433,85.78107112066733,1.4551915228366852e-14,datetime.datetime(2025, 9, 12, 16, 2, 37, 764962)
cap_227_623391_6,1,1.0286669551012246,85.72751068015208,1.4551915228366852e-14,datetime.datetime(2025, 9, 12, 16, 2, 37, 764962)
cap_227_623375_1,1,1.0364300332702794,129.56171038516305,0,datetime.datetime(2025, 9, 12, 16, 2, 37, 764962)
cap_227_452638_2,1,1.0375446069774525,86.4673604364409,-3.0013325158506633e-14,datetime.datetime(2025, 9, 12, 16, 2, 37, 764962)
cap_227_452728_3,1,1.0295980649362741,85.80510793155862,0,datetime.datetime(2025, 9, 12, 16, 3, 37, 764962)
cap_227_623391_6,1,1.0290265412752249,85.75747803491075,-1.4551915228366852e-14,datetime.datetime(2025, 9, 12, 16, 3, 37, 764962)
cap_227_623375_1,1,1.0367202986932111,129.59799579127198,-6.002665031701327e-14,datetime.datetime(2025, 9, 12, 16, 3, 37, 764962)
cap_227_452638_2,1,1.0378155866700542,86.48994346428721,9.094947017729283e-16,datetime.datetime(2025, 9, 12, 16, 3, 37, 764962)
cap_227_452728_3,1,1.0298410580624964,85.82535860231275,1.4551915228366852e-14,datetime.datetime(2025, 9, 12, 16, 4, 37, 764962)
cap_227_623391_6,1,1.0293096927438057,85.78107543971362,0,datetime.datetime(2025, 9, 12, 16, 4, 37, 764962)
cap_227_623375_1,1,1.0368625368677244,129.61577665498726,0,datetime.datetime(2025, 9, 12, 16, 4, 37, 764962)
cap_227_452638_2,1,1.0379047862084185,86.49737721564847,0,datetime.datetime(2025, 9, 12, 16, 4, 37, 764962)
cap_227_452728_3,1,1.0300329730412867,85.84135249937763,1.5006662579253317e-14,datetime.datetime(2025, 9, 12, 16, 5, 37, 764962)
cap_227_623391_6,1,1.0295431568620808,85.80053197770545,1.546140993013978e-14,datetime.datetime(2025, 9, 12, 16, 5, 37, 764962)
cap_227_623375_1,1,1.0371090953451987,129.64659835739462,2.8194335754960775e-14,datetime.datetime(2025, 9, 12, 16, 5, 37, 764962)
cap_227_452638_2,1,1.0382808718514567,86.52871961059985,-1.4551915228366852e-14,datetime.datetime(2025, 9, 12, 16, 5, 37, 764962)
cap_227_452728_3,1,1.0302765748580984,85.86165389746267,-1.4551915228366852e-14,datetime.datetime(2025, 9, 12, 16, 6, 37, 764962)
cap_227_623391_6,1,1.029854185196609,85.82645259733638,0,datetime.datetime(2025, 9, 12, 16, 6, 37, 764962)
cap_227_623375_1,1,1.0373188312201693,129.67281695181782,0,datetime.datetime(2025, 9, 12, 16, 6, 37, 764962)
cap_227_452638_2,1,1.0384611257795084,86.5437416937586,0,datetime.datetime(2025, 9, 12, 16, 6, 37, 764962)
cap_227_452728_3,1,1.0287199864966226,85.73193023450133,4.547473508864641e-16,datetime.datetime(2025, 9, 12, 16, 7, 37, 764962)
cap_227_623391_6,1,1.0284058901206221,85.70575392904638,0,datetime.datetime(2025, 9, 12, 16, 7, 37, 764962)
cap_227_623375_1,1,1.0358573799807027,129.49012432795362,0,datetime.datetime(2025, 9, 12, 16, 7, 37, 764962)
cap_227_452638_2,1,1.0371546748039993,86.43486409309236,-1.4551915228366852e-14,datetime.datetime(2025, 9, 12, 16, 7, 37, 764962)
cap_227_452728_3,1,1.0277548872459648,85.65150035784605,0,datetime.datetime(2025, 9, 12, 16, 8, 37, 764962)
cap_227_623391_6,1,1.0275507037550369,85.63448402198298,4.547473508864641e-16,datetime.datetime(2025, 9, 12, 16, 8, 37, 764962)
cap_227_623375_1,1,1.0349998146195771,129.38292207465352,-9.094947017729283e-16,datetime.datetime(2025, 9, 12, 16, 8, 37, 764962)
cap_227_452638_2,1,1.0362464511335132,86.35917413919093,0,datetime.datetime(2025, 9, 12, 16, 8, 37, 764962)
cap_227_452728_3,1,1.031369437264571,85.95273135762432,2.864908310584724e-14,datetime.datetime(2025, 9, 12, 16, 9, 37, 764962)
cap_227_623391_6,1,1.0312865915163467,85.94582712129157,-1.4551915228366852e-14,datetime.datetime(2025, 9, 12, 16, 9, 37, 764962)
cap_227_623375_1,1,1.0382734727958975,129.79215447715552,2.9103830456733704e-14,datetime.datetime(2025, 9, 12, 16, 9, 37, 764962)
cap_227_452638_2,1,1.0394504569042133,86.62619101726293,-1.4551915228366852e-14,datetime.datetime(2025, 9, 12, 16, 9, 37, 764962)
cap_227_452728_3,1,1.0300016606783593,85.83874297555269,-1.4551915228366852e-14,datetime.datetime(2025, 9, 12, 16, 10, 37, 764962)
cap_227_623391_6,1,1.030003903821538,85.83892991563069,-1.4551915228366852e-14,datetime.datetime(2025, 9, 12, 16, 10, 37, 764962)
cap_227_623375_1,1,1.0368775441257059,129.61765267743917,-9.094947017729283e-16,datetime.datetime(2025, 9, 12, 16, 10, 37, 764962)
cap_227_452638_2,1,1.0381860721567169,86.52081915088061,0,datetime.datetime(2025, 9, 12, 16, 10, 37, 764962)
cap_227_452728_3,1,1.0300583828471135,85.84347011323663,1.4097167877480388e-14,datetime.datetime(2025, 9, 12, 16, 11, 37, 764962)
cap_227_623391_6,1,1.0300775316256294,85.84506594277757,0,datetime.datetime(2025, 9, 12, 16, 11, 37, 764962)
cap_227_623375_1,1,1.0369054489979888,129.62114100068817,-3.0013325158506633e-14,datetime.datetime(2025, 9, 12, 16, 11, 37, 764962)
cap_227_452638_2,1,1.0382703024674935,86.52783877451186,-1.4551915228366852e-14,datetime.datetime(2025, 9, 12, 16, 11, 37, 764962)
cap_227_452728_3,1,1.030385320967122,85.87071662974597,-1.4551915228366852e-14,datetime.datetime(2025, 9, 12, 16, 12, 37, 764962)
cap_227_623391_6,1,1.0304689674711165,85.87768759982427,-2.9103830456733704e-14,datetime.datetime(2025, 9, 12, 16, 12, 37, 764962)
cap_227_623375_1,1,1.0372540844409872,129.66472310738695,-2.9103830456733704e-14,datetime.datetime(2025, 9, 12, 16, 12, 37, 764962)
cap_227_452638_2,1,1.0386882869137122,86.56267295082095,0,datetime.datetime(2025, 9, 12, 16, 12, 37, 764962)
cap_227_452728_3,1,1.0307624221080693,85.90214365472015,4.547473508864641e-16,datetime.datetime(2025, 9, 12, 16, 13, 37, 764962)
cap_227_623391_6,1,1.030910144232224,85.91445458773237,-1.4551915228366852e-14,datetime.datetime(2025, 9, 12, 16, 13, 37, 764962)
cap_227_623375_1,1,1.037780342554713,129.73050941145928,2.9103830456733704e-14,datetime.datetime(2025, 9, 12, 16, 13, 37, 764962)
cap_227_452638_2,1,1.0393478983647058,86.61764394743882,-1.4551915228366852e-14,datetime.datetime(2025, 9, 12, 16, 13, 37, 764962)
cap_227_452728_3,1,1.0305383659292928,85.88347115983365,-4.547473508864641e-16,datetime.datetime(2025, 9, 12, 16, 14, 37, 764962)
cap_227_623391_6,1,1.0306170438082212,85.89002805239508,0,datetime.datetime(2025, 9, 12, 16, 14, 37, 764962)
cap_227_623375_1,1,1.0376122051316026,129.70949094285197,2.9103830456733704e-14,datetime.datetime(2025, 9, 12, 16, 14, 37, 764962)
cap_227_452638_2,1,1.0392273461390165,86.60759731167977,1.4551915228366852e-14,datetime.datetime(2025, 9, 12, 16, 14, 37, 764962)
cap_227_452728_3,1,1.030664817098605,85.89400940441706,-1.5006662579253317e-14,datetime.datetime(2025, 9, 12, 16, 15, 37, 764962)
cap_227_623391_6,1,1.030824114867051,85.9072850336944,-4.547473508864641e-16,datetime.datetime(2025, 9, 12, 16, 15, 37, 764962)
cap_227_623375_1,1,1.0377147697777147,129.72231231096055,2.8194335754960775e-14,datetime.datetime(2025, 9, 12, 16, 15, 37, 764962)
cap_227_452638_2,1,1.0393058685691445,86.614141249379,-1.4551915228366852e-14,datetime.datetime(2025, 9, 12, 16, 15, 37, 764962)
cap_227_452728_3,1,1.0305950982178504,85.88819914088631,-1.4551915228366852e-14,datetime.datetime(2025, 9, 12, 16, 16, 37, 764962)
cap_227_623391_6,1,1.0307038340865866,85.89726101975992,-1.5006662579253317e-14,datetime.datetime(2025, 9, 12, 16, 16, 37, 764962)
cap_227_623375_1,1,1.037618501474291,129.71027803402234,2.8194335754960775e-14,datetime.datetime(2025, 9, 12, 16, 16, 37, 764962)
cap_227_452638_2,1,1.0391762022018367,86.60333505517482,0,datetime.datetime(2025, 9, 12, 16, 16, 37, 764962)
cap_227_452728_3,1,1.030236995847385,85.8583554440159,1.4551915228366852e-14,datetime.datetime(2025, 9, 12, 16, 17, 37, 764962)
cap_227_623391_6,1,1.030276266801329,85.8616282244887,4.547473508864641e-16,datetime.datetime(2025, 9, 12, 16, 17, 37, 764962)
cap_227_623375_1,1,1.0372160666617176,129.65997059313216,2.8194335754960775e-14,datetime.datetime(2025, 9, 12, 16, 17, 37, 764962)
cap_227_452638_2,1,1.0387603553753684,86.56867902478463,-1.3642420526593923e-14,datetime.datetime(2025, 9, 12, 16, 17, 37, 764962)
cap_227_452728_3,1,1.0298679918849336,85.82760322535543,0,datetime.datetime(2025, 9, 12, 16, 18, 37, 764962)
cap_227_623391_6,1,1.0299184331038405,85.831806918408,0,datetime.datetime(2025, 9, 12, 16, 18, 37, 764962)
cap_227_623375_1,1,1.0367374143047539,129.60013537410398,-2.9103830456733704e-14,datetime.datetime(2025, 9, 12, 16, 18, 37, 764962)
cap_227_452638_2,1,1.038135511251656,86.51660548336937,-9.094947017729283e-16,datetime.datetime(2025, 9, 12, 16, 18, 37, 764962)
cap_227_452728_3,1,1.029342268849552,85.78379028190763,0,datetime.datetime(2025, 9, 12, 16, 19, 37, 764962)
cap_227_623391_6,1,1.0293080144691011,85.78093557489933,2.9103830456733704e-14,datetime.datetime(2025, 9, 12, 16, 19, 37, 764962)
cap_227_623375_1,1,1.0363016709722839,129.54566411253157,0,datetime.datetime(2025, 9, 12, 16, 19, 37, 764962)
cap_227_452638_2,1,1.037654045220715,86.47648085011956,0,datetime.datetime(2025, 9, 12, 16, 19, 37, 764962)
cap_227_452728_3,1,1.0284322542980118,85.70795107875313,0,datetime.datetime(2025, 9, 12, 16, 20, 37, 764962)
cap_227_623391_6,1,1.0282440984697667,85.69227046347194,-1.4097167877480388e-14,datetime.datetime(2025, 9, 12, 16, 20, 37, 764962)
cap_227_623375_1,1,1.035241930834931,129.41318846019448,0,datetime.datetime(2025, 9, 12, 16, 20, 37, 764962)
cap_227_452638_2,1,1.036368639143598,86.36935709868777,1.546140993013978e-14,datetime.datetime(2025, 9, 12, 16, 20, 37, 764962)
cap_227_452728_3,1,1.028134563165116,85.6831419608475,0,datetime.datetime(2025, 9, 12, 16, 21, 37, 764962)
cap_227_623391_6,1,1.0278113504509017,85.65620591388657,0,datetime.datetime(2025, 9, 12, 16, 21, 37, 764962)
cap_227_623375_1,1,1.0349820033546802,129.38069552981196,-2.9103830456733704e-14,datetime.datetime(2025, 9, 12, 16, 21, 37, 764962)
cap_227_452638_2,1,1.0360378162791604,86.34178683359498,-1.3642420526593923e-14,datetime.datetime(2025, 9, 12, 16, 21, 37, 764962)
cap_227_452728_3,1,1.030113730086842,85.84808266646526,9.094947017729283e-16,datetime.datetime(2025, 9, 12, 16, 22, 37, 764962)
cap_227_623391_6,1,1.0297690888884476,85.8193608028245,0,datetime.datetime(2025, 9, 12, 16, 22, 37, 764962)
cap_227_623375_1,1,1.0369494993989432,129.62664763896345,2.7284841053187846e-14,datetime.datetime(2025, 9, 12, 16, 22, 37, 764962)
cap_227_452638_2,1,1.037930497590141,86.49951996237549,0,datetime.datetime(2025, 9, 12, 16, 22, 37, 764962)
cap_227_452728_3,1,1.030043705810504,85.84224695173964,0,datetime.datetime(2025, 9, 12, 16, 23, 37, 764962)
cap_227_623391_6,1,1.029695628396522,85.81323871921435,-1.4551915228366852e-14,datetime.datetime(2025, 9, 12, 16, 23, 37, 764962)
cap_227_623375_1,1,1.0368153509082252,129.6098780478236,2.9103830456733704e-14,datetime.datetime(2025, 9, 12, 16, 23, 37, 764962)
cap_227_452638_2,1,1.0377719090753261,86.48630344119714,0,datetime.datetime(2025, 9, 12, 16, 23, 37, 764962)
cap_227_452728_3,1,1.0300766992133616,85.84499657082854,-1.4551915228366852e-14,datetime.datetime(2025, 9, 12, 16, 24, 37, 764962)
cap_227_623391_6,1,1.02970745310834,85.81422417238133,0,datetime.datetime(2025, 9, 12, 16, 24, 37, 764962)
cap_227_623375_1,1,1.0368210354835827,129.61058866338132,0,datetime.datetime(2025, 9, 12, 16, 24, 37, 764962)
cap_227_452638_2,1,1.037731241070359,86.48291423265607,0,datetime.datetime(2025, 9, 12, 16, 24, 37, 764962)
cap_227_452728_3,1,1.030362623840249,85.86882508634919,1.3642420526593923e-14,datetime.datetime(2025, 9, 12, 16, 25, 37, 764962)
cap_227_623391_6,1,1.030035867963363,85.84159375769939,-1.4551915228366852e-14,datetime.datetime(2025, 9, 12, 16, 25, 37, 764962)
cap_227_623375_1,1,1.0371306519418075,129.64929309745145,0,datetime.datetime(2025, 9, 12, 16, 25, 37, 764962)
cap_227_452638_2,1,1.0380829876982212,86.51222825178267,0,datetime.datetime(2025, 9, 12, 16, 25, 37, 764962)
cap_227_452728_3,1,1.0301502405406033,85.8511253911287,0,datetime.datetime(2025, 9, 12, 16, 26, 37, 764962)
cap_227_623391_6,1,1.0297834749115966,85.82055971171046,-1.546140993013978e-14,datetime.datetime(2025, 9, 12, 16, 26, 37, 764962)
cap_227_623375_1,1,1.036892965351775,129.61958044907996,-9.094947017729283e-16,datetime.datetime(2025, 9, 12, 16, 26, 37, 764962)
cap_227_452638_2,1,1.0378780962920617,86.49515291936075,0,datetime.datetime(2025, 9, 12, 16, 26, 37, 764962)
cap_227_452728_3,1,1.0308656678674966,85.91074799638781,0,datetime.datetime(2025, 9, 12, 16, 27, 37, 764962)
cap_227_623391_6,1,1.0306227783187236,85.8905059576179,1.3642420526593923e-14,datetime.datetime(2025, 9, 12, 16, 27, 37, 764962)
cap_227_623375_1,1,1.0376510057623023,129.71434131954516,2.9103830456733704e-14,datetime.datetime(2025, 9, 12, 16, 27, 37, 764962)
cap_227_452638_2,1,1.0386599143520576,86.56030842548046,0,datetime.datetime(2025, 9, 12, 16, 27, 37, 764962)
cap_227_452728_3,1,1.0312842331002,85.94563057454295,-4.547473508864641e-16,datetime.datetime(2025, 9, 12, 16, 28, 37, 764962)
cap_227_623391_6,1,1.03113239419841,85.93297655565931,1.546140993013978e-14,datetime.datetime(2025, 9, 12, 16, 28, 37, 764962)
cap_227_623375_1,1,1.038104053372873,129.7709757487176,0,datetime.datetime(2025, 9, 12, 16, 28, 37, 764962)
cap_227_452638_2,1,1.03915283760008,86.60138788545511,0,datetime.datetime(2025, 9, 12, 16, 28, 37, 764962)
cap_227_452728_3,1,1.0311944321624198,85.9381467034859,-4.547473508864641e-16,datetime.datetime(2025, 9, 12, 16, 29, 37, 764962)
cap_227_623391_6,1,1.031036203926402,85.92496020738447,0,datetime.datetime(2025, 9, 12, 16, 29, 37, 764962)
cap_227_623375_1,1,1.0379997809355601,129.75794089359894,-2.8194335754960775e-14,datetime.datetime(2025, 9, 12, 16, 29, 37, 764962)
cap_227_452638_2,1,1.039081815144015,86.59546898397721,0,datetime.datetime(2025, 9, 12, 16, 29, 37, 764962)
cap_227_452728_3,1,1.031388299230543,85.9543032846521,-1.4097167877480388e-14,datetime.datetime(2025, 9, 12, 16, 30, 37, 764962)
cap_227_623391_6,1,1.031204690833089,85.93900164520927,-9.09494701772929e-16,datetime.datetime(2025, 9, 12, 16, 30, 37, 764962)
cap_227_623375_1,1,1.038291259761609,129.79437798441228,-5.820766091346741e-14,datetime.datetime(2025, 9, 12, 16, 30, 37, 764962)
cap_227_452638_2,1,1.0394948464825795,86.62989037596654,1.4551915228366852e-14,datetime.datetime(2025, 9, 12, 16, 30, 37, 764962)
cap_227_452728_3,1,1.029678468843627,85.81180866865544,0,datetime.datetime(2025, 9, 12, 16, 31, 37, 764962)
cap_227_623391_6,1,1.029567537208387,85.80256379800257,-2.9103830456733704e-14,datetime.datetime(2025, 9, 12, 16, 31, 37, 764962)
cap_227_623375_1,1,1.036550978018824,129.57682940717177,-2.9103830456733704e-14,datetime.datetime(2025, 9, 12, 16, 31, 37, 764962)
cap_227_452638_2,1,1.0378053846597164,86.4890932445481,0,datetime.datetime(2025, 9, 12, 16, 31, 37, 764962)
cap_227_452728_3,1,1.0291306880203557,85.76615746333141,1.4551915228366852e-14,datetime.datetime(2025, 9, 12, 16, 32, 37, 764962)
cap_227_623391_6,1,1.0291289662082783,85.76601397017991,-4.547473508864645e-16,datetime.datetime(2025, 9, 12, 16, 32, 37, 764962)
cap_227_623375_1,1,1.036193204629322,129.53210498701205,9.094947017729283e-16,datetime.datetime(2025, 9, 12, 16, 32, 37, 764962)
cap_227_452638_2,1,1.0374797262614224,86.46195337806421,9.094947017729283e-16,datetime.datetime(2025, 9, 12, 16, 32, 37, 764962)
cap_227_452728_3,1,1.030163546464492,85.8522342862153,-2.9103830456733704e-14,datetime.datetime(2025, 9, 12, 16, 33, 37, 764962)
cap_227_623391_6,1,1.0302283496921751,85.8576348868332,0,datetime.datetime(2025, 9, 12, 16, 33, 37, 764962)
cap_227_623375_1,1,1.0371538003900136,129.65218683117786,0,datetime.datetime(2025, 9, 12, 16, 33, 37, 764962)
cap_227_452638_2,1,1.0385843537102541,86.55401131863253,0,datetime.datetime(2025, 9, 12, 16, 33, 37, 764962)
cap_227_452728_3,1,1.0306512200050522,85.89287624370164,-1.4551915228366852e-14,datetime.datetime(2025, 9, 12, 16, 34, 37, 764962)
cap_227_623391_6,1,1.0307686735413488,85.90266463948645,0,datetime.datetime(2025, 9, 12, 16, 34, 37, 764962)
cap_227_623375_1,1,1.0375412803628092,129.70062480229393,0,datetime.datetime(2025, 9, 12, 16, 34, 37, 764962)
cap_227_452638_2,1,1.0389941993508307,86.58816721948605,-9.09494701772929e-16,datetime.datetime(2025, 9, 12, 16, 34, 37, 764962)
cap_227_452728_3,1,1.0308498028493276,85.90942583034784,-1.4551915228366852e-14,datetime.datetime(2025, 9, 12, 16, 35, 37, 764962)
cap_227_623391_6,1,1.030988070539242,85.92094884545497,0,datetime.datetime(2025, 9, 12, 16, 35, 37, 764962)
cap_227_623375_1,1,1.0378575096535696,129.74015589119486,-9.094947017729283e-16,datetime.datetime(2025, 9, 12, 16, 35, 37, 764962)
cap_227_452638_2,1,1.039441262295956,86.62542475285277,0,datetime.datetime(2025, 9, 12, 16, 35, 37, 764962)
cap_227_452728_3,1,1.0310681457240485,85.92762218732396,-4.547473508864641e-16,datetime.datetime(2025, 9, 12, 16, 36, 37, 764962)
cap_227_623391_6,1,1.031262065177997,85.94378313424366,0,datetime.datetime(2025, 9, 12, 16, 36, 37, 764962)
cap_227_623375_1,1,1.0381132382852578,129.77212393327432,0,datetime.datetime(2025, 9, 12, 16, 36, 37, 764962)
cap_227_452638_2,1,1.0397611057597675,86.65208001170397,0,datetime.datetime(2025, 9, 12, 16, 36, 37, 764962)
cap_227_452728_3,1,1.0311181577301303,85.93179011044452,0,datetime.datetime(2025, 9, 12, 16, 37, 37, 764962)
cap_227_623391_6,1,1.0313357296161054,85.94992221441278,4.547473508864641e-16,datetime.datetime(2025, 9, 12, 16, 37, 37, 764962)
cap_227_623375_1,1,1.0381148769476294,129.77232877865006,-2.9103830456733704e-14,datetime.datetime(2025, 9, 12, 16, 37, 37, 764962)
cap_227_452638_2,1,1.039743908979303,86.65064685865708,0,datetime.datetime(2025, 9, 12, 16, 37, 37, 764962)
cap_227_452728_3,1,1.0309398428568313,85.91692962510534,0,datetime.datetime(2025, 9, 12, 16, 38, 37, 764962)
cap_227_623391_6,1,1.0311265985147626,85.93249355236138,-1.4551915228366852e-14,datetime.datetime(2025, 9, 12, 16, 38, 37, 764962)
cap_227_623375_1,1,1.037982491705564,129.75577960712747,9.094947017729283e-16,datetime.datetime(2025, 9, 12, 16, 38, 37, 764962)
cap_227_452638_2,1,1.0396562492652635,86.6433414338699,0,datetime.datetime(2025, 9, 12, 16, 38, 37, 764962)
cap_227_452728_3,1,1.0310438217390236,85.92559506408872,-4.547473508864641e-16,datetime.datetime(2025, 9, 12, 16, 39, 37, 764962)
cap_227_623391_6,1,1.031264496961529,85.94398579531651,1.4551915228366852e-14,datetime.datetime(2025, 9, 12, 16, 39, 37, 764962)
cap_227_623375_1,1,1.0381271949031727,129.77386861765262,0,datetime.datetime(2025, 9, 12, 16, 39, 37, 764962)
cap_227_452638_2,1,1.0398140414419492,86.65649158946205,-1.4551915228366852e-14,datetime.datetime(2025, 9, 12, 16, 39, 37, 764962)
cap_227_452728_3,1,1.0308375555835028,85.90840516218442,1.4551915228366852e-14,datetime.datetime(2025, 9, 12, 16, 40, 37, 764962)
cap_227_623391_6,1,1.0309877996965575,85.92092627384518,-1.4551915228366852e-14,datetime.datetime(2025, 9, 12, 16, 40, 37, 764962)
cap_227_623375_1,1,1.0379290234654002,129.74909566665437,-9.094947017729283e-16,datetime.datetime(2025, 9, 12, 16, 40, 37, 764962)
cap_227_452638_2,1,1.039575356070289,86.63659992030057,0,datetime.datetime(2025, 9, 12, 16, 40, 37, 764962)
cap_227_452728_3,1,1.030491797156374,85.87959019043149,1.5006662579253317e-14,datetime.datetime(2025, 9, 12, 16, 41, 37, 764962)
cap_227_623391_6,1,1.0306096397830535,85.88941101240614,4.547473508864641e-16,datetime.datetime(2025, 9, 12, 16, 41, 37, 764962)
cap_227_623375_1,1,1.0374898103896237,129.69419066053294,0,datetime.datetime(2025, 9, 12, 16, 41, 37, 764962)
cap_227_452638_2,1,1.0391328658830599,86.59972347349392,0,datetime.datetime(2025, 9, 12, 16, 41, 37, 764962)
cap_227_452728_3,1,1.0301307674440032,85.849502533421,0,datetime.datetime(2025, 9, 12, 16, 42, 37, 764962)
cap_227_623391_6,1,1.03022963149113,85.85774170997264,-1.4551915228366852e-14,datetime.datetime(2025, 9, 12, 16, 42, 37, 764962)
cap_227_623375_1,1,1.0370436318182408,129.63841491398964,-2.9103830456733704e-14,datetime.datetime(2025, 9, 12, 16, 42, 37, 764962)
cap_227_452638_2,1,1.038518875369607,86.54855445514596,-1.4551915228366852e-14,datetime.datetime(2025, 9, 12, 16, 42, 37, 764962)
cap_227_452728_3,1,1.0295497472204953,85.80108120796754,0,datetime.datetime(2025, 9, 12, 16, 43, 37, 764962)
cap_227_623391_6,1,1.0295436008790169,85.80056898138915,0,datetime.datetime(2025, 9, 12, 16, 43, 37, 764962)
cap_227_623375_1,1,1.0364893844265552,129.56912973531075,0,datetime.datetime(2025, 9, 12, 16, 43, 37, 764962)
cap_227_452638_2,1,1.0378497408015284,86.49278981670108,1.4551915228366852e-14,datetime.datetime(2025, 9, 12, 16, 43, 37, 764962)
cap_227_452728_3,1,1.028722632591949,85.73215075598718,0,datetime.datetime(2025, 9, 12, 16, 44, 37, 764962)
cap_227_623391_6,1,1.028535264142011,85.71653575959448,0,datetime.datetime(2025, 9, 12, 16, 44, 37, 764962)
cap_227_623375_1,1,1.0356598326269733,129.4654293922516,0,datetime.datetime(2025, 9, 12, 16, 44, 37, 764962)
cap_227_452638_2,1,1.0369393190051779,86.41691667439488,2.8194335754960775e-14,datetime.datetime(2025, 9, 12, 16, 44, 37, 764962)
cap_227_452728_3,1,1.0286223651708648,85.72379462442365,-1.5006662579253317e-14,datetime.datetime(2025, 9, 12, 16, 45, 37, 764962)
cap_227_623391_6,1,1.028395970924348,85.70492727859326,-1.4097167877480388e-14,datetime.datetime(2025, 9, 12, 16, 45, 37, 764962)
cap_227_623375_1,1,1.0356500811469376,129.46421038238924,9.094947017729283e-16,datetime.datetime(2025, 9, 12, 16, 45, 37, 764962)
cap_227_452638_2,1,1.0369196120968287,86.41527433117814,0,datetime.datetime(2025, 9, 12, 16, 45, 37, 764962)
cap_227_452728_3,1,1.0285884813220603,85.72097079694882,-2.955857780762017e-14,datetime.datetime(2025, 9, 12, 16, 46, 37, 764962)
cap_227_623391_6,1,1.0283834019216582,85.7038797973779,0,datetime.datetime(2025, 9, 12, 16, 46, 37, 764962)
cap_227_623375_1,1,1.0354947708736113,129.44479540597348,5.820766091346741e-14,datetime.datetime(2025, 9, 12, 16, 46, 37, 764962)
cap_227_452638_2,1,1.0366515761838326,86.3929366333644,0,datetime.datetime(2025, 9, 12, 16, 46, 37, 764962)
cap_227_452728_3,1,1.0302462260908456,85.8591246782087,4.547473508864641e-16,datetime.datetime(2025, 9, 12, 16, 47, 37, 764962)
cap_227_623391_6,1,1.0299675160317652,85.83589741359404,0,datetime.datetime(2025, 9, 12, 16, 47, 37, 764962)
cap_227_623375_1,1,1.0371578776724049,129.65269652277632,-9.094947017729283e-16,datetime.datetime(2025, 9, 12, 16, 47, 37, 764962)
cap_227_452638_2,1,1.0383006916741613,86.53037136392405,0,datetime.datetime(2025, 9, 12, 16, 47, 37, 764962)
cap_227_452728_3,1,1.0300427816245366,85.84216993151267,0,datetime.datetime(2025, 9, 12, 16, 48, 37, 764962)
cap_227_623391_6,1,1.0296553087406681,85.80987854154878,-1.4551915228366852e-14,datetime.datetime(2025, 9, 12, 16, 48, 37, 764962)
cap_227_623375_1,1,1.0370530959352282,129.63959800126503,0,datetime.datetime(2025, 9, 12, 16, 48, 37, 764962)
cap_227_452638_2,1,1.0381563780308694,86.51834448842733,-2.8194335754960775e-14,datetime.datetime(2025, 9, 12, 16, 48, 37, 764962)
cap_227_452728_3,1,1.030127574257943,85.84923641824085,-9.094947017729283e-16,datetime.datetime(2025, 9, 12, 16, 49, 37, 764962)
cap_227_623391_6,1,1.029745532863208,85.81739768016823,1.4551915228366852e-14,datetime.datetime(2025, 9, 12, 16, 49, 37, 764962)
cap_227_623375_1,1,1.0371483081246518,129.65150025584586,0,datetime.datetime(2025, 9, 12, 16, 49, 37, 764962)
cap_227_452638_2,1,1.0382381741284834,86.52516124850408,0,datetime.datetime(2025, 9, 12, 16, 49, 37, 764962)
cap_227_452728_3,1,1.030293922844493,85.86309965177759,1.4551915228366852e-14,datetime.datetime(2025, 9, 12, 16, 50, 37, 764962)
cap_227_623391_6,1,1.0299132057642868,85.8313712800265,1.4551915228366852e-14,datetime.datetime(2025, 9, 12, 16, 50, 37, 764962)
cap_227_623375_1,1,1.037260089683295,129.6654738087751,2.7284841053187846e-14,datetime.datetime(2025, 9, 12, 16, 50, 37, 764962)
cap_227_452638_2,1,1.038355011549034,86.53489829815696,-1.4551915228366852e-14,datetime.datetime(2025, 9, 12, 16, 50, 37, 764962)
cap_227_452728_3,1,1.0308501272439206,85.90945286489074,-2.9103830456733704e-14,datetime.datetime(2025, 9, 12, 16, 51, 37, 764962)
cap_227_623391_6,1,1.030551578890025,85.88457230751479,1.4551915228366852e-14,datetime.datetime(2025, 9, 12, 16, 51, 37, 764962)
cap_227_623375_1,1,1.0378054648336021,129.7336498891733,-9.094947017729283e-16,datetime.datetime(2025, 9, 12, 16, 51, 37, 764962)
cap_227_452638_2,1,1.0389460462611304,86.58415421557737,1.546140993013978e-14,datetime.datetime(2025, 9, 12, 16, 51, 37, 764962)
cap_227_452728_3,1,1.0312865916260747,85.94582713043613,-4.547473508864641e-16,datetime.datetime(2025, 9, 12, 16, 52, 37, 764962)
cap_227_623391_6,1,1.0310584323539078,85.926812690102,-1.4551915228366852e-14,datetime.datetime(2025, 9, 12, 16, 52, 37, 764962)
cap_227_623375_1,1,1.038187795775291,129.78144419187416,9.094947017729283e-16,datetime.datetime(2025, 9, 12, 16, 52, 37, 764962)
cap_227_452638_2,1,1.039340146496155,86.6169979187211,1.4551915228366852e-14,datetime.datetime(2025, 9, 12, 16, 52, 37, 764962)
cap_227_452728_3,1,1.0312916214571506,85.94624630876702,-1.4551915228366852e-14,datetime.datetime(2025, 9, 12, 16, 53, 37, 764962)
cap_227_623391_6,1,1.0310831353058345,85.92887139585181,-4.547473508864641e-16,datetime.datetime(2025, 9, 12, 16, 53, 37, 764962)
cap_227_623375_1,1,1.0381433587608948,129.77588922395083,2.9103830456733704e-14,datetime.datetime(2025, 9, 12, 16, 53, 37, 764962)
cap_227_452638_2,1,1.0393299310462847,86.61614657895218,-1.4551915228366852e-14,datetime.datetime(2025, 9, 12, 16, 53, 37, 764962)
cap_227_452728_3,1,1.0293445567091828,85.78398094858545,-1.4097167877480388e-14,datetime.datetime(2025, 9, 12, 16, 54, 37, 764962)
cap_227_623391_6,1,1.029188917312068,85.77101020230822,0,datetime.datetime(2025, 9, 12, 16, 54, 37, 764962)
cap_227_623375_1,1,1.036345196944804,129.55110519322673,-2.9103830456733704e-14,datetime.datetime(2025, 9, 12, 16, 54, 37, 764962)
cap_227_452638_2,1,1.0376307262126427,86.4745374801069,1.4551915228366852e-14,datetime.datetime(2025, 9, 12, 16, 54, 37, 764962)
cap_227_452728_3,1,1.0296606842114695,85.81032652495902,0,datetime.datetime(2025, 9, 12, 16, 55, 37, 764962)
cap_227_623391_6,1,1.029566174486846,85.80245023090013,4.547473508864641e-16,datetime.datetime(2025, 9, 12, 16, 55, 37, 764962)
cap_227_623375_1,1,1.0365610122695326,129.57808376553896,0,datetime.datetime(2025, 9, 12, 16, 55, 37, 764962)
cap_227_452638_2,1,1.0378022357322996,86.4888308178147,0,datetime.datetime(2025, 9, 12, 16, 55, 37, 764962)
cap_227_452728_3,1,1.0310797459830667,85.92858893494227,0,datetime.datetime(2025, 9, 12, 16, 56, 37, 764962)
cap_227_623391_6,1,1.0310316299226536,85.924579016997,0,datetime.datetime(2025, 9, 12, 16, 56, 37, 764962)
cap_227_623375_1,1,1.0381276916867843,129.77393071941765,9.094947017729283e-16,datetime.datetime(2025, 9, 12, 16, 56, 37, 764962)
cap_227_452638_2,1,1.039427171697829,86.62425046423057,2.9103830456733704e-14,datetime.datetime(2025, 9, 12, 16, 56, 37, 764962)
cap_227_452728_3,1,1.032289053205549,86.02937072570248,0,datetime.datetime(2025, 9, 12, 16, 57, 37, 764962)
cap_227_623391_6,1,1.0323453480881064,86.0340622540166,0,datetime.datetime(2025, 9, 12, 16, 57, 37, 764962)
cap_227_623375_1,1,1.0393396210310704,129.92543119091232,-9.094947017729283e-16,datetime.datetime(2025, 9, 12, 16, 57, 37, 764962)
cap_227_452638_2,1,1.040792066312194,86.73799866723252,0,datetime.datetime(2025, 9, 12, 16, 57, 37, 764962)
cap_227_452728_3,1,1.0306683658334472,85.89430515048198,-4.547473508864641e-16,datetime.datetime(2025, 9, 12, 16, 58, 37, 764962)
cap_227_623391_6,1,1.030781728428578,85.90375261356671,0,datetime.datetime(2025, 9, 12, 16, 58, 37, 764962)
cap_227_623375_1,1,1.0377409091833907,129.725579937331,-9.094947017729283e-16,datetime.datetime(2025, 9, 12, 16, 58, 37, 764962)
cap_227_452638_2,1,1.0392946838753405,86.61320913432195,0,datetime.datetime(2025, 9, 12, 16, 58, 37, 764962)
cap_227_452728_3,1,1.0307623160840702,85.90213481884427,-1.4551915228366852e-14,datetime.datetime(2025, 9, 12, 16, 59, 37, 764962)
cap_227_623391_6,1,1.03089662825911,85.9133281874687,1.4551915228366852e-14,datetime.datetime(2025, 9, 12, 16, 59, 37, 764962)
cap_227_623375_1,1,1.03784567478899,129.73867644227124,-2.8194335754960775e-14,datetime.datetime(2025, 9, 12, 16, 59, 37, 764962)
cap_227_452638_2,1,1.0394899461852718,86.62948199277923,-9.094947017729283e-16,datetime.datetime(2025, 9, 12, 16, 59, 37, 764962)
cap_227_452728_3,1,1.0309940268091715,85.9214452317649,0,datetime.datetime(2025, 9, 12, 17, 0, 37, 764962)
cap_227_623391_6,1,1.031163295065105,85.93555178602564,0,datetime.datetime(2025, 9, 12, 17, 0, 37, 764962)
cap_227_623375_1,1,1.0381498123528128,129.77669597248203,0,datetime.datetime(2025, 9, 12, 17, 0, 37, 764962)
cap_227_452638_2,1,1.0398410416627326,86.65874174604002,9.094947017729283e-16,datetime.datetime(2025, 9, 12, 17, 0, 37, 764962)
cap_227_452728_3,1,1.0310251773676995,85.92404127106184,1.4551915228366852e-14,datetime.datetime(2025, 9, 12, 17, 1, 37, 764962)
cap_227_623391_6,1,1.0312127813315337,85.93967589481787,0,datetime.datetime(2025, 9, 12, 17, 1, 37, 764962)
cap_227_623375_1,1,1.0381703620378537,129.77926484086322,5.820766091346741e-14,datetime.datetime(2025, 9, 12, 17, 1, 37, 764962)
cap_227_452638_2,1,1.0398492135693305,86.65942278007799,1.4551915228366852e-14,datetime.datetime(2025, 9, 12, 17, 1, 37, 764962)
cap_227_452728_3,1,1.0308965275121234,85.91331979137087,0,datetime.datetime(2025, 9, 12, 17, 2, 37, 764962)
cap_227_623391_6,1,1.0310422477941865,85.92546389396398,0,datetime.datetime(2025, 9, 12, 17, 2, 37, 764962)
cap_227_623375_1,1,1.0380594084537165,129.76539479110323,3.0013325158506633e-14,datetime.datetime(2025, 9, 12, 17, 2, 37, 764962)
cap_227_452638_2,1,1.039787830086188,86.6543071756731,0,datetime.datetime(2025, 9, 12, 17, 2, 37, 764962)
cap_227_452728_3,1,1.031042619909326,85.92549490546331,1.5006662579253317e-14,datetime.datetime(2025, 9, 12, 17, 3, 37, 764962)
cap_227_623391_6,1,1.031236698119634,85.94166908289213,4.547473508864641e-16,datetime.datetime(2025, 9, 12, 17, 3, 37, 764962)
cap_227_623375_1,1,1.0381967645847254,129.78256536190312,0,datetime.datetime(2025, 9, 12, 17, 3, 37, 764962)
cap_227_452638_2,1,1.0399011828402573,86.663753818619,1.4551915228366852e-14,datetime.datetime(2025, 9, 12, 17, 3, 37, 764962)
cap_227_452728_3,1,1.031133399247236,85.93306031487168,-1.4551915228366852e-14,datetime.datetime(2025, 9, 12, 17, 4, 37, 764962)
cap_227_623391_6,1,1.0313429770992297,85.95052620843036,-1.4551915228366852e-14,datetime.datetime(2025, 9, 12, 17, 4, 37, 764962)
cap_227_623375_1,1,1.0383410123342383,129.80059743792003,0,datetime.datetime(2025, 9, 12, 17, 4, 37, 764962)
cap_227_452638_2,1,1.0400879321671612,86.67931721825704,-9.094947017729283e-16,datetime.datetime(2025, 9, 12, 17, 4, 37, 764962)
cap_227_452728_3,1,1.0308275808148908,85.9075738804188,2.9103830456733704e-14,datetime.datetime(2025, 9, 12, 17, 5, 37, 764962)
cap_227_623391_6,1,1.0309480659631667,85.9176149260501,0,datetime.datetime(2025, 9, 12, 17, 5, 37, 764962)
cap_227_623375_1,1,1.0379085315368108,129.746534018273,0,datetime.datetime(2025, 9, 12, 17, 5, 37, 764962)
cap_227_452638_2,1,1.0395644683824699,86.63569255726227,1.546140993013978e-14,datetime.datetime(2025, 9, 12, 17, 5, 37, 764962)
cap_227_452728_3,1,1.030526724333671,85.88250096728683,-1.4551915228366852e-14,datetime.datetime(2025, 9, 12, 17, 6, 37, 764962)
cap_227_623391_6,1,1.0306540222478882,85.89310977827905,4.547473508864645e-16,datetime.datetime(2025, 9, 12, 17, 6, 37, 764962)
cap_227_623375_1,1,1.037439539843535,129.6879064563666,0,datetime.datetime(2025, 9, 12, 17, 6, 37, 764962)
cap_227_452638_2,1,1.0389079133021095,86.58097627383877,-1.4551915228366852e-14,datetime.datetime(2025, 9, 12, 17, 6, 37, 764962)
cap_227_452728_3,1,1.0296787653874255,85.81183338215628,-4.547473508864641e-16,datetime.datetime(2025, 9, 12, 17, 7, 37, 764962)
cap_227_623391_6,1,1.0297054953118394,85.81406101265353,-1.4551915228366852e-14,datetime.datetime(2025, 9, 12, 17, 7, 37, 764962)
cap_227_623375_1,1,1.036094381673198,129.5197513588753,9.094947017729283e-16,datetime.datetime(2025, 9, 12, 17, 7, 37, 764962)
cap_227_452638_2,1,1.037162345054182,86.43550331986174,-1.4551915228366852e-14,datetime.datetime(2025, 9, 12, 17, 7, 37, 764962)
cap_227_452728_3,1,1.0285216321320247,85.71539968899759,1.4097167877480388e-14,datetime.datetime(2025, 9, 12, 17, 8, 37, 764962)
cap_227_623391_6,1,1.0283820727173947,85.70376902355346,0,datetime.datetime(2025, 9, 12, 17, 8, 37, 764962)
cap_227_623375_1,1,1.0343916241846818,129.3068936014759,2.9103830456733704e-14,datetime.datetime(2025, 9, 12, 17, 8, 37, 764962)
cap_227_452638_2,1,1.0350517185273531,86.2596069743796,0,datetime.datetime(2025, 9, 12, 17, 8, 37, 764962)
cap_227_452728_3,1,1.0281578378060574,85.6850816333722,0,datetime.datetime(2025, 9, 12, 17, 9, 37, 764962)
cap_227_623391_6,1,1.0279380148432196,85.666761928145,-1.4551915228366852e-14,datetime.datetime(2025, 9, 12, 17, 9, 37, 764962)
cap_227_623375_1,1,1.0340342266927738,129.26221617140098,5.820766091346741e-14,datetime.datetime(2025, 9, 12, 17, 9, 37, 764962)
cap_227_452638_2,1,1.0345997695581746,86.22194224733651,1.4551915228366852e-14,datetime.datetime(2025, 9, 12, 17, 9, 37, 764962)
cap_227_452728_3,1,1.0279322357668537,85.6662803088722,2.9103830456733704e-14,datetime.datetime(2025, 9, 12, 17, 10, 37, 764962)
cap_227_623391_6,1,1.0276290113550013,85.64101005606913,0,datetime.datetime(2025, 9, 12, 17, 10, 37, 764962)
cap_227_623375_1,1,1.0338447317966264,129.23852785471195,0,datetime.datetime(2025, 9, 12, 17, 10, 37, 764962)
cap_227_452638_2,1,1.034335824438074,86.19994546986622,-9.094947017729283e-16,datetime.datetime(2025, 9, 12, 17, 10, 37, 764962)
cap_227_452728_3,1,1.0297295758847618,85.81606785030115,-9.09494701772929e-16,datetime.datetime(2025, 9, 12, 17, 11, 37, 764962)
cap_227_623391_6,1,1.0293061972485378,85.78078413055235,1.4551915228366852e-14,datetime.datetime(2025, 9, 12, 17, 11, 37, 764962)
cap_227_623375_1,1,1.0356048867123526,129.45856073112793,-2.9103830456733704e-14,datetime.datetime(2025, 9, 12, 17, 11, 37, 764962)
cap_227_452638_2,1,1.0360657641460655,86.3441159655329,-9.094947017729283e-16,datetime.datetime(2025, 9, 12, 17, 11, 37, 764962)
cap_227_452728_3,1,1.0298109878597035,85.82285259818937,1.4551915228366852e-14,datetime.datetime(2025, 9, 12, 17, 12, 37, 764962)
cap_227_623391_6,1,1.029401705339162,85.78874362688731,0,datetime.datetime(2025, 9, 12, 17, 12, 37, 764962)
cap_227_623375_1,1,1.0356245278836125,129.4610160283122,2.7284841053187846e-14,datetime.datetime(2025, 9, 12, 17, 12, 37, 764962)
cap_227_452638_2,1,1.0360476982261821,86.3426103797531,-1.4551915228366852e-14,datetime.datetime(2025, 9, 12, 17, 12, 37, 764962)
cap_227_452728_3,1,1.0296672945226835,85.81087741805653,1.4551915228366852e-14,datetime.datetime(2025, 9, 12, 17, 13, 37, 764962)
cap_227_623391_6,1,1.0292268808368485,85.77417402365967,1.4551915228366852e-14,datetime.datetime(2025, 9, 12, 17, 13, 37, 764962)
cap_227_623375_1,1,1.0355208672182603,129.44805764938496,-2.7284841053187846e-14,datetime.datetime(2025, 9, 12, 17, 13, 37, 764962)
cap_227_452638_2,1,1.0358801940832263,86.32865084393538,9.094947017729283e-16,datetime.datetime(2025, 9, 12, 17, 13, 37, 764962)
cap_227_452728_3,1,1.0291809105589236,85.77034293190324,0,datetime.datetime(2025, 9, 12, 17, 14, 37, 764962)
cap_227_623391_6,1,1.0286538941974348,85.72642220466099,0,datetime.datetime(2025, 9, 12, 17, 14, 37, 764962)
cap_227_623375_1,1,1.0349869886832395,129.3813187341521,2.9103830456733704e-14,datetime.datetime(2025, 9, 12, 17, 14, 37, 764962)
cap_227_452638_2,1,1.035291476489167,86.27958803154307,1.546140993013978e-14,datetime.datetime(2025, 9, 12, 17, 14, 37, 764962)
cap_227_452728_3,1,1.0293180823257815,85.78177461448041,0,datetime.datetime(2025, 9, 12, 17, 15, 37, 764962)
cap_227_623391_6,1,1.0288190529564862,85.74018627981695,0,datetime.datetime(2025, 9, 12, 17, 15, 37, 764962)
cap_227_623375_1,1,1.035005524034368,129.3836357953311,0,datetime.datetime(2025, 9, 12, 17, 15, 37, 764962)
cap_227_452638_2,1,1.0352211800962057,86.27372963903959,0,datetime.datetime(2025, 9, 12, 17, 15, 37, 764962)
cap_227_452728_3,1,1.0295327597534067,85.7996654987732,-9.094947017729283e-16,datetime.datetime(2025, 9, 12, 17, 16, 37, 764962)
cap_227_623391_6,1,1.029056899169739,85.76000801481658,0,datetime.datetime(2025, 9, 12, 17, 16, 37, 764962)
cap_227_623375_1,1,1.0352407698437478,129.41304332738417,0,datetime.datetime(2025, 9, 12, 17, 16, 37, 764962)
cap_227_452638_2,1,1.0354997912383288,86.29694866006824,9.094947017729283e-16,datetime.datetime(2025, 9, 12, 17, 16, 37, 764962)
cap_227_452728_3,1,1.0297081807378525,85.81428481189785,-9.09494701772929e-16,datetime.datetime(2025, 9, 12, 17, 17, 37, 764962)
cap_227_623391_6,1,1.0293028574249548,85.78050579482819,1.4551915228366852e-14,datetime.datetime(2025, 9, 12, 17, 17, 37, 764962)
cap_227_623375_1,1,1.0354171545812283,129.4350927735988,0,datetime.datetime(2025, 9, 12, 17, 17, 37, 764962)
cap_227_452638_2,1,1.0357503007136255,86.31782573171174,2.9103830456733704e-14,datetime.datetime(2025, 9, 12, 17, 17, 37, 764962)
cap_227_452728_3,1,1.0301436176874308,85.8505734528038,1.4551915228366852e-14,datetime.datetime(2025, 9, 12, 17, 18, 37, 764962)
cap_227_623391_6,1,1.02982385564772,85.82392497971104,0,datetime.datetime(2025, 9, 12, 17, 18, 37, 764962)
cap_227_623375_1,1,1.0360583998817736,129.51525335873055,0,datetime.datetime(2025, 9, 12, 17, 18, 37, 764962)
cap_227_452638_2,1,1.036569041197587,86.38605829545361,-9.094947017729283e-16,datetime.datetime(2025, 9, 12, 17, 18, 37, 764962)
cap_227_452728_3,1,1.0306437054532531,85.8922499925944,0,datetime.datetime(2025, 9, 12, 17, 19, 37, 764962)
cap_227_623391_6,1,1.0304156213789513,85.87324181913388,0,datetime.datetime(2025, 9, 12, 17, 19, 37, 764962)
cap_227_623375_1,1,1.0365264330154609,129.57376109333,0,datetime.datetime(2025, 9, 12, 17, 19, 37, 764962)
cap_227_452638_2,1,1.0370494433073976,86.42609426316436,1.4551915228366852e-14,datetime.datetime(2025, 9, 12, 17, 19, 37, 764962)
cap_227_452728_3,1,1.0300449502103872,85.84235065809838,0,datetime.datetime(2025, 9, 12, 17, 20, 37, 764962)
cap_227_623391_6,1,1.029869087462236,85.82769452907081,1.4551915228366852e-14,datetime.datetime(2025, 9, 12, 17, 20, 37, 764962)
cap_227_623375_1,1,1.0361021907542103,129.5207275539488,0,datetime.datetime(2025, 9, 12, 17, 20, 37, 764962)
cap_227_452638_2,1,1.0367101808002126,86.39782065131764,1.546140993013978e-14,datetime.datetime(2025, 9, 12, 17, 20, 37, 764962)
cap_227_452728_3,1,1.03110877235961,85.93100794820286,1.4551915228366852e-14,datetime.datetime(2025, 9, 12, 17, 21, 37, 764962)
cap_227_623391_6,1,1.0310455130413139,85.92573601460185,0,datetime.datetime(2025, 9, 12, 17, 21, 37, 764962)
cap_227_623375_1,1,1.0370196602953452,129.6354182896086,0,datetime.datetime(2025, 9, 12, 17, 21, 37, 764962)
cap_227_452638_2,1,1.0376617559857992,86.47712345333807,-9.094947017729283e-16,datetime.datetime(2025, 9, 12, 17, 21, 37, 764962)
cap_227_452728_3,1,1.029667824499223,85.81092158548043,0,datetime.datetime(2025, 9, 12, 17, 22, 37, 764962)
cap_227_623391_6,1,1.0296961368468571,85.81328109267773,0,datetime.datetime(2025, 9, 12, 17, 22, 37, 764962)
cap_227_623375_1,1,1.0355808102813373,129.45555099242665,2.9103830456733704e-14,datetime.datetime(2025, 9, 12, 17, 22, 37, 764962)
cap_227_452638_2,1,1.036360659013764,86.36869204702826,1.4551915228366852e-14,datetime.datetime(2025, 9, 12, 17, 22, 37, 764962)
cap_227_452728_3,1,1.029783652849085,85.8205745407451,-1.4551915228366852e-14,datetime.datetime(2025, 9, 12, 17, 23, 37, 764962)
cap_227_623391_6,1,1.029830188296123,85.82445273281998,-1.4551915228366852e-14,datetime.datetime(2025, 9, 12, 17, 23, 37, 764962)
cap_227_623375_1,1,1.0356893314546871,129.4691169721656,-9.094947017729283e-16,datetime.datetime(2025, 9, 12, 17, 23, 37, 764962)
cap_227_452638_2,1,1.0365503612415357,86.38450153685068,0,datetime.datetime(2025, 9, 12, 17, 23, 37, 764962)
cap_227_452728_3,1,1.0300234084242856,85.84055539901193,-1.4551915228366852e-14,datetime.datetime(2025, 9, 12, 17, 24, 37, 764962)
cap_227_623391_6,1,1.030124416939821,85.84897329223908,0,datetime.datetime(2025, 9, 12, 17, 24, 37, 764962)
cap_227_623375_1,1,1.0359978284095812,129.50768145972543,2.9103830456733704e-14,datetime.datetime(2025, 9, 12, 17, 24, 37, 764962)
cap_227_452638_2,1,1.0369327754250053,86.416371342559,1.4551915228366852e-14,datetime.datetime(2025, 9, 12, 17, 24, 37, 764962)
cap_227_452728_3,1,1.0302576850280512,85.86007964828602,-1.4551915228366852e-14,datetime.datetime(2025, 9, 12, 17, 25, 37, 764962)
cap_227_623391_6,1,1.0304161108730052,85.87328261281013,-1.5006662579253317e-14,datetime.datetime(2025, 9, 12, 17, 25, 37, 764962)
cap_227_623375_1,1,1.0362008858392269,129.53306519721548,-9.094947017729283e-16,datetime.datetime(2025, 9, 12, 17, 25, 37, 764962)
cap_227_452638_2,1,1.0371287478459126,86.43270338056512,-1.546140993013978e-14,datetime.datetime(2025, 9, 12, 17, 25, 37, 764962)
cap_227_452728_3,1,1.0302749306082188,85.86151686822458,0,datetime.datetime(2025, 9, 12, 17, 26, 37, 764962)
cap_227_623391_6,1,1.030431831752584,85.8745927665633,1.4551915228366852e-14,datetime.datetime(2025, 9, 12, 17, 26, 37, 764962)
cap_227_623375_1,1,1.0362407072594366,129.53804318043353,0,datetime.datetime(2025, 9, 12, 17, 26, 37, 764962)
cap_227_452638_2,1,1.0372280460716252,86.44097874088757,9.094947017729283e-16,datetime.datetime(2025, 9, 12, 17, 26, 37, 764962)
cap_227_452728_3,1,1.030477382040995,85.87838885704414,1.4551915228366852e-14,datetime.datetime(2025, 9, 12, 17, 27, 37, 764962)
cap_227_623391_6,1,1.0306776469655932,85.89507862565898,0,datetime.datetime(2025, 9, 12, 17, 27, 37, 764962)
cap_227_623375_1,1,1.0365302870872208,129.57424288188605,0,datetime.datetime(2025, 9, 12, 17, 27, 37, 764962)
cap_227_452638_2,1,1.0375797300221528,86.47028753658222,1.4551915228366852e-14,datetime.datetime(2025, 9, 12, 17, 27, 37, 764962)
cap_227_452728_3,1,1.0304371097430864,85.87503262611641,0,datetime.datetime(2025, 9, 12, 17, 28, 37, 764962)
cap_227_623391_6,1,1.030623587825933,85.89057342069484,0,datetime.datetime(2025, 9, 12, 17, 28, 37, 764962)
cap_227_623375_1,1,1.0364397057888024,129.56291952423015,0,datetime.datetime(2025, 9, 12, 17, 28, 37, 764962)
cap_227_452638_2,1,1.0374425326225107,86.45885371780854,1.4551915228366852e-14,datetime.datetime(2025, 9, 12, 17, 28, 37, 764962)
cap_227_452728_3,1,1.0301254288087573,85.8490576198289,0,datetime.datetime(2025, 9, 12, 17, 29, 37, 764962)
cap_227_623391_6,1,1.0302559184307576,85.85993242280395,-2.9103830456733704e-14,datetime.datetime(2025, 9, 12, 17, 29, 37, 764962)
cap_227_623375_1,1,1.0360834415983793,129.51838376554073,-9.094947017729283e-16,datetime.datetime(2025, 9, 12, 17, 29, 37, 764962)
cap_227_452638_2,1,1.0370289252090854,86.42438431663261,0,datetime.datetime(2025, 9, 12, 17, 29, 37, 764962)
cap_227_452728_3,1,1.0298170391243135,85.82335690120884,0,datetime.datetime(2025, 9, 12, 17, 30, 37, 764962)
cap_227_623391_6,1,1.0298590247209256,85.82685591579673,-4.547473508864641e-16,datetime.datetime(2025, 9, 12, 17, 30, 37, 764962)
cap_227_623375_1,1,1.0357024820201888,129.47076089380454,2.9103830456733704e-14,datetime.datetime(2025, 9, 12, 17, 30, 37, 764962)
cap_227_452638_2,1,1.0365419458085616,86.38380020770175,1.4551915228366852e-14,datetime.datetime(2025, 9, 12, 17, 30, 37, 764962)
cap_227_452728_3,1,1.029210726644874,85.77282775832259,4.547473508864641e-16,datetime.datetime(2025, 9, 12, 17, 31, 37, 764962)
cap_227_623391_6,1,1.0291325213742188,85.76631025220259,-9.094947017729283e-16,datetime.datetime(2025, 9, 12, 17, 31, 37, 764962)
cap_227_623375_1,1,1.0351501173287831,129.4017110671133,1.8189894035458565e-15,datetime.datetime(2025, 9, 12, 17, 31, 37, 764962)
cap_227_452638_2,1,1.0359200925081098,86.33197591686435,-9.094947017729283e-16,datetime.datetime(2025, 9, 12, 17, 31, 37, 764962)
cap_227_452728_3,1,1.0284234671783403,85.70721877381054,1.3642420526593923e-14,datetime.datetime(2025, 9, 12, 17, 32, 37, 764962)
cap_227_623391_6,1,1.0282126724367997,85.68965146656194,1.4551915228366852e-14,datetime.datetime(2025, 9, 12, 17, 32, 37, 764962)
cap_227_623375_1,1,1.0342919589684918,129.29443468436526,1.818989403545858e-15,datetime.datetime(2025, 9, 12, 17, 32, 37, 764962)
cap_227_452638_2,1,1.0349057307480753,86.24744057898297,9.094947017729283e-16,datetime.datetime(2025, 9, 12, 17, 32, 37, 764962)
cap_227_452728_3,1,1.0280572518727848,85.67669895749628,-1.4551915228366852e-14,datetime.datetime(2025, 9, 12, 17, 33, 37, 764962)
cap_227_623391_6,1,1.0277230183173283,85.64884445069698,0,datetime.datetime(2025, 9, 12, 17, 33, 37, 764962)
cap_227_623375_1,1,1.033944353559008,129.250981339763,2.9103830456733704e-14,datetime.datetime(2025, 9, 12, 17, 33, 37, 764962)
cap_227_452638_2,1,1.0344505051859942,86.20950278576268,1.4551915228366852e-14,datetime.datetime(2025, 9, 12, 17, 33, 37, 764962)
cap_227_452728_3,1,1.0297790850269728,85.82019386552565,1.4551915228366852e-14,datetime.datetime(2025, 9, 12, 17, 34, 37, 764962)
cap_227_623391_6,1,1.0293376561766612,85.78340586889374,-9.094947017729283e-16,datetime.datetime(2025, 9, 12, 17, 34, 37, 764962)
cap_227_623375_1,1,1.03571291870792,129.4720655598889,-5.820766091346741e-14,datetime.datetime(2025, 9, 12, 17, 34, 37, 764962)
cap_227_452638_2,1,1.0361424682081892,86.3505083632592,-9.09494701772929e-16,datetime.datetime(2025, 9, 12, 17, 34, 37, 764962)
cap_227_452728_3,1,1.0293778365046806,85.78675443519339,-2.9103830456733704e-14,datetime.datetime(2025, 9, 12, 17, 35, 37, 764962)
cap_227_623391_6,1,1.0288519129458933,85.74292478043554,-1.4551915228366852e-14,datetime.datetime(2025, 9, 12, 17, 35, 37, 764962)
cap_227_623375_1,1,1.0351639722352246,129.40344303677665,1.8189894035458565e-15,datetime.datetime(2025, 9, 12, 17, 35, 37, 764962)
cap_227_452638_2,1,1.0354452914341736,86.29240673080761,-1.4551915228366852e-14,datetime.datetime(2025, 9, 12, 17, 35, 37, 764962)
cap_227_452728_3,1,1.029095988985649,85.76326569952616,-1.4551915228366852e-14,datetime.datetime(2025, 9, 12, 17, 36, 37, 764962)
cap_227_623391_6,1,1.02851017245647,85.71444465738736,-1.546140993013978e-14,datetime.datetime(2025, 9, 12, 17, 36, 37, 764962)
cap_227_623375_1,1,1.0348593779359405,129.36536641112707,0,datetime.datetime(2025, 9, 12, 17, 36, 37, 764962)
cap_227_452638_2,1,1.0351106979803621,86.26452223063691,0,datetime.datetime(2025, 9, 12, 17, 36, 37, 764962)
cap_227_452728_3,1,1.0290574254125702,85.76005187107901,-1.4551915228366852e-14,datetime.datetime(2025, 9, 12, 17, 37, 37, 764962)
cap_227_623391_6,1,1.028454570969407,85.70981091557971,0,datetime.datetime(2025, 9, 12, 17, 37, 37, 764962)
cap_227_623375_1,1,1.0347710502555285,129.35432477302203,-1.8189894035458565e-15,datetime.datetime(2025, 9, 12, 17, 37, 37, 764962)
cap_227_452638_2,1,1.0349142876196902,86.24815369540914,1.4551915228366852e-14,datetime.datetime(2025, 9, 12, 17, 37, 37, 764962)
cap_227_452728_3,1,1.0283234030110524,85.69887958110357,0,datetime.datetime(2025, 9, 12, 17, 38, 37, 764962)
cap_227_623391_6,1,1.0275689279071332,85.6360027945903,-1.3642420526593923e-14,datetime.datetime(2025, 9, 12, 17, 38, 37, 764962)
cap_227_623375_1,1,1.0341007623345666,129.27053363739054,-2.9103830456733704e-14,datetime.datetime(2025, 9, 12, 17, 38, 37, 764962)
cap_227_452638_2,1,1.0342477831401098,86.19260824446583,-1.2732925824820996e-14,datetime.datetime(2025, 9, 12, 17, 38, 37, 764962)
cap_227_452728_3,1,1.0286192845775848,85.72353789255138,-9.094947017729283e-16,datetime.datetime(2025, 9, 12, 17, 39, 37, 764962)
cap_227_623391_6,1,1.0279000572736465,85.66359860309132,9.094947017729283e-16,datetime.datetime(2025, 9, 12, 17, 39, 37, 764962)
cap_227_623375_1,1,1.0342910829986363,129.29432518140888,-1.818989403545858e-15,datetime.datetime(2025, 9, 12, 17, 39, 37, 764962)
cap_227_452638_2,1,1.0343292333877885,86.19939618194468,0,datetime.datetime(2025, 9, 12, 17, 39, 37, 764962)
cap_227_452728_3,1,1.0289792694784572,85.75353847658998,1.4551915228366852e-14,datetime.datetime(2025, 9, 12, 17, 40, 37, 764962)
cap_227_623391_6,1,1.0283289832528588,85.69934462981219,-1.4551915228366852e-14,datetime.datetime(2025, 9, 12, 17, 40, 37, 764962)
cap_227_623375_1,1,1.0345696958651862,129.32915392851845,2.7284841053187846e-14,datetime.datetime(2025, 9, 12, 17, 40, 37, 764962)
cap_227_452638_2,1,1.0346427149751507,86.22552125186681,-1.637090463191271e-14,datetime.datetime(2025, 9, 12, 17, 40, 37, 764962)
cap_227_452728_3,1,1.029281936018714,85.77876223723838,1.4551915228366852e-14,datetime.datetime(2025, 9, 12, 17, 41, 37, 764962)
cap_227_623391_6,1,1.028750731826727,85.73449250268916,0,datetime.datetime(2025, 9, 12, 17, 41, 37, 764962)
cap_227_623375_1,1,1.0348603837594321,129.36549214678476,3.092281986027956e-14,datetime.datetime(2025, 9, 12, 17, 41, 37, 764962)
cap_227_452638_2,1,1.0349877008137198,86.2542718372859,0,datetime.datetime(2025, 9, 12, 17, 41, 37, 764962)
cap_227_452728_3,1,1.0297399704013268,85.81693411321105,1.4551915228366852e-14,datetime.datetime(2025, 9, 12, 17, 42, 37, 764962)
cap_227_623391_6,1,1.0292995727303982,85.78023205347169,-9.094947017729283e-16,datetime.datetime(2025, 9, 12, 17, 42, 37, 764962)
cap_227_623375_1,1,1.035332747788231,129.4245412765196,1.8189894035458565e-15,datetime.datetime(2025, 9, 12, 17, 42, 37, 764962)
cap_227_452638_2,1,1.0355033218723744,86.29724289764077,1.4551915228366852e-14,datetime.datetime(2025, 9, 12, 17, 42, 37, 764962)
cap_227_452728_3,1,1.0302395528298678,85.85856853897536,0,datetime.datetime(2025, 9, 12, 17, 43, 37, 764962)
cap_227_623391_6,1,1.029925284174994,85.83237787606593,1.4551915228366852e-14,datetime.datetime(2025, 9, 12, 17, 43, 37, 764962)
cap_227_623375_1,1,1.0357877082747182,129.4814148298659,-2.9103830456733704e-14,datetime.datetime(2025, 9, 12, 17, 43, 37, 764962)
cap_227_452638_2,1,1.0359578365640685,86.33512144802414,0,datetime.datetime(2025, 9, 12, 17, 43, 37, 764962)
cap_227_452728_3,1,1.0295741396032956,85.80311403136744,1.4551915228366852e-14,datetime.datetime(2025, 9, 12, 17, 44, 37, 764962)
cap_227_623391_6,1,1.0293519687825852,85.78459865930186,0,datetime.datetime(2025, 9, 12, 17, 44, 37, 764962)
cap_227_623375_1,1,1.0352363558341617,129.41249154230147,-1.8189894035458565e-15,datetime.datetime(2025, 9, 12, 17, 44, 37, 764962)
cap_227_452638_2,1,1.0353966280504585,86.28835119978618,-9.094947017729283e-16,datetime.datetime(2025, 9, 12, 17, 44, 37, 764962)
cap_227_452728_3,1,1.030844500242566,85.9089839193138,0,datetime.datetime(2025, 9, 12, 17, 45, 37, 764962)
cap_227_623391_6,1,1.0307810713972607,85.90369785759445,-1.546140993013978e-14,datetime.datetime(2025, 9, 12, 17, 45, 37, 764962)
cap_227_623375_1,1,1.0363640838055765,129.55346619580956,0,datetime.datetime(2025, 9, 12, 17, 45, 37, 764962)
cap_227_452638_2,1,1.0366573112807336,86.39341458745673,-1.4551915228366852e-14,datetime.datetime(2025, 9, 12, 17, 45, 37, 764962)
cap_227_452728_3,1,1.029433934804113,85.79142958057436,1.4097167877480388e-14,datetime.datetime(2025, 9, 12, 17, 46, 37, 764962)
cap_227_623391_6,1,1.0294598392554786,85.79358841742638,-1.4551915228366852e-14,datetime.datetime(2025, 9, 12, 17, 46, 37, 764962)
cap_227_623375_1,1,1.0349177512554428,129.37266352417163,3.092281986027956e-14,datetime.datetime(2025, 9, 12, 17, 46, 37, 764962)
cap_227_452638_2,1,1.0353230059512912,86.28221564807882,-1.4551915228366852e-14,datetime.datetime(2025, 9, 12, 17, 46, 37, 764962)
cap_227_452728_3,1,1.0295382421949182,85.80012239695672,0,datetime.datetime(2025, 9, 12, 17, 47, 37, 764962)
cap_227_623391_6,1,1.0296012189725892,85.80537078405966,4.547473508864641e-16,datetime.datetime(2025, 9, 12, 17, 47, 37, 764962)
cap_227_623375_1,1,1.0349753723953075,129.37986660898738,2.9103830456733704e-14,datetime.datetime(2025, 9, 12, 17, 47, 37, 764962)
cap_227_452638_2,1,1.0354156997346875,86.28994060440864,0,datetime.datetime(2025, 9, 12, 17, 47, 37, 764962)
cap_227_452728_3,1,1.0299052496083707,85.83070822631616,0,datetime.datetime(2025, 9, 12, 17, 48, 37, 764962)
cap_227_623391_6,1,1.0300283927353895,85.84097078377887,1.4551915228366852e-14,datetime.datetime(2025, 9, 12, 17, 48, 37, 764962)
cap_227_623375_1,1,1.035455495587269,129.43988569368122,-3.0013325158506633e-14,datetime.datetime(2025, 9, 12, 17, 48, 37, 764962)
cap_227_452638_2,1,1.0360245954239566,86.34068502800082,0,datetime.datetime(2025, 9, 12, 17, 48, 37, 764962)
cap_227_452728_3,1,1.0302159947548473,85.85660524549353,-2.9103830456733704e-14,datetime.datetime(2025, 9, 12, 17, 49, 37, 764962)
cap_227_623391_6,1,1.0303721042575515,85.86961516964244,2.864908310584724e-14,datetime.datetime(2025, 9, 12, 17, 49, 37, 764962)
cap_227_623375_1,1,1.035931129909083,129.49934363514757,-5.729816621169448e-14,datetime.datetime(2025, 9, 12, 17, 49, 37, 764962)
cap_227_452638_2,1,1.0366146498631237,86.38985925099371,2.9103830456733704e-14,datetime.datetime(2025, 9, 12, 17, 49, 37, 764962)
cap_227_452728_3,1,1.0304946552013894,85.8798283754761,1.4551915228366852e-14,datetime.datetime(2025, 9, 12, 17, 50, 37, 764962)
cap_227_623391_6,1,1.0306385594905976,85.89182113603755,0,datetime.datetime(2025, 9, 12, 17, 50, 37, 764962)
cap_227_623375_1,1,1.0369417186229921,129.6256749822399,3.0013325158506633e-14,datetime.datetime(2025, 9, 12, 17, 50, 37, 764962)
cap_227_452638_2,1,1.0380789996365132,86.51189589289727,-9.094947017729283e-16,datetime.datetime(2025, 9, 12, 17, 50, 37, 764962)
cap_227_452728_3,1,1.0308104448531998,85.90614579591427,1.4551915228366852e-14,datetime.datetime(2025, 9, 12, 17, 51, 37, 764962)
cap_227_623391_6,1,1.0309804914360619,85.9203172147356,0,datetime.datetime(2025, 9, 12, 17, 51, 37, 764962)
cap_227_623375_1,1,1.0375786428634124,129.70529540168513,9.09494701772929e-16,datetime.datetime(2025, 9, 12, 17, 51, 37, 764962)
cap_227_452638_2,1,1.0389521882828576,86.5846660821544,1.4551915228366852e-14,datetime.datetime(2025, 9, 12, 17, 51, 37, 764962)
cap_227_452728_3,1,1.030851682893785,85.90958251034081,4.547473508864641e-16,datetime.datetime(2025, 9, 12, 17, 52, 37, 764962)
cap_227_623391_6,1,1.0310073430398603,85.92255498580428,1.4551915228366852e-14,datetime.datetime(2025, 9, 12, 17, 52, 37, 764962)
cap_227_623375_1,1,1.0378647259249776,129.74105798051707,0,datetime.datetime(2025, 9, 12, 17, 52, 37, 764962)
cap_227_452638_2,1,1.0394597936384748,86.6269691262341,0,datetime.datetime(2025, 9, 12, 17, 52, 37, 764962)
cap_227_452728_3,1,1.030566794130836,85.8858403221163,0,datetime.datetime(2025, 9, 12, 17, 53, 37, 764962)
cap_227_623391_6,1,1.0306935065062905,85.89640033521499,1.4551915228366852e-14,datetime.datetime(2025, 9, 12, 17, 53, 37, 764962)
cap_227_623375_1,1,1.0375928949712663,129.70707702457415,0,datetime.datetime(2025, 9, 12, 17, 53, 37, 764962)
cap_227_452638_2,1,1.0392186187832617,86.60686998736944,-2.9103830456733704e-14,datetime.datetime(2025, 9, 12, 17, 53, 37, 764962)
cap_227_452728_3,1,1.0301017218428796,85.84708191801366,4.547473508864641e-16,datetime.datetime(2025, 9, 12, 17, 54, 37, 764962)
cap_227_623391_6,1,1.030199379783278,85.85522057949876,-4.547473508864641e-16,datetime.datetime(2025, 9, 12, 17, 54, 37, 764962)
cap_227_623375_1,1,1.0368148102677102,129.60981046360897,-2.9103830456733704e-14,datetime.datetime(2025, 9, 12, 17, 54, 37, 764962)
cap_227_452638_2,1,1.0380755680260128,86.51160990779357,1.3642420526593923e-14,datetime.datetime(2025, 9, 12, 17, 54, 37, 764962)
cap_227_452728_3,1,1.029249350665557,85.77604662437949,0,datetime.datetime(2025, 9, 12, 17, 55, 37, 764962)
cap_227_623391_6,1,1.029244218063465,85.77561888127133,0,datetime.datetime(2025, 9, 12, 17, 55, 37, 764962)
cap_227_623375_1,1,1.0356504923312664,129.46426178358684,2.8194335754960775e-14,datetime.datetime(2025, 9, 12, 17, 55, 37, 764962)
cap_227_452638_2,1,1.0365302645537928,86.38282671002302,0,datetime.datetime(2025, 9, 12, 17, 55, 37, 764962)
cap_227_452728_3,1,1.0302479457719231,85.85926799376597,0,datetime.datetime(2025, 9, 12, 17, 56, 37, 764962)
cap_227_623391_6,1,1.0300337823844148,85.84141994878033,-1.546140993013978e-14,datetime.datetime(2025, 9, 12, 17, 56, 37, 764962)
cap_227_623375_1,1,1.0363572579188782,129.5526129075729,-2.9103830456733704e-14,datetime.datetime(2025, 9, 12, 17, 56, 37, 764962)
cap_227_452638_2,1,1.0368409991751035,86.40872285204938,0,datetime.datetime(2025, 9, 12, 17, 56, 37, 764962)
cap_227_452728_3,1,1.0298009692213932,85.82201766039101,-1.4551915228366852e-14,datetime.datetime(2025, 9, 12, 17, 57, 37, 764962)
cap_227_623391_6,1,1.0294963780557544,85.79663350444443,0,datetime.datetime(2025, 9, 12, 17, 57, 37, 764962)
cap_227_623375_1,1,1.0358560159476968,129.48995381335678,-1.8189894035458565e-15,datetime.datetime(2025, 9, 12, 17, 57, 37, 764962)
cap_227_452638_2,1,1.036153688680806,86.35144346006709,-1.546140993013978e-14,datetime.datetime(2025, 9, 12, 17, 57, 37, 764962)
cap_227_452728_3,1,1.0296122531419813,85.8062903546454,1.546140993013978e-14,datetime.datetime(2025, 9, 12, 17, 58, 37, 764962)
cap_227_623391_6,1,1.0292441170932367,85.77561046656888,0,datetime.datetime(2025, 9, 12, 17, 58, 37, 764962)
cap_227_623375_1,1,1.0354850923173886,129.4435855121475,2.9103830456733704e-14,datetime.datetime(2025, 9, 12, 17, 58, 37, 764962)
cap_227_452638_2,1,1.0355975246302547,86.30509360956678,9.094947017729283e-16,datetime.datetime(2025, 9, 12, 17, 58, 37, 764962)
cap_227_452728_3,1,1.0293039201926713,85.78059436424351,-1.4551915228366852e-14,datetime.datetime(2025, 9, 12, 17, 59, 37, 764962)
cap_227_623391_6,1,1.0288964342179756,85.74663511428948,-1.3642420526593923e-14,datetime.datetime(2025, 9, 12, 17, 59, 37, 764962)
cap_227_623375_1,1,1.0350512748444451,129.3893549977999,1.8189894035458565e-15,datetime.datetime(2025, 9, 12, 17, 59, 37, 764962)
cap_227_452638_2,1,1.0350198199211087,86.25694859394467,0,datetime.datetime(2025, 9, 12, 17, 59, 37, 764962)
cap_227_452728_3,1,1.0285589203727157,85.718507233219,-9.094947017729283e-16,datetime.datetime(2025, 9, 12, 18, 0, 37, 764962)
cap_227_623391_6,1,1.0280498344493127,85.67608080091337,0,datetime.datetime(2025, 9, 12, 18, 0, 37, 764962)
cap_227_623375_1,1,1.033939105258924,129.25032526196355,-2.9103830456733704e-14,datetime.datetime(2025, 9, 12, 18, 0, 37, 764962)
cap_227_452638_2,1,1.0335416612081192,86.13376113640426,-9.094947017729283e-16,datetime.datetime(2025, 9, 12, 18, 0, 37, 764962)
cap_227_452728_3,1,1.0304352805178791,85.87488018132102,-1.546140993013978e-14,datetime.datetime(2025, 9, 12, 18, 1, 37, 764962)
cap_227_623391_6,1,1.0298934272857017,85.8297229722572,-1.3642420526593923e-14,datetime.datetime(2025, 9, 12, 18, 1, 37, 764962)
cap_227_623375_1,1,1.0356877646634164,129.46892111122918,1.818989403545858e-15,datetime.datetime(2025, 9, 12, 18, 1, 37, 764962)
cap_227_452638_2,1,1.035051198807054,86.2595636616949,0,datetime.datetime(2025, 9, 12, 18, 1, 37, 764962)
cap_227_452728_3,1,1.0300194104588698,85.84022221476684,-1.4551915228366852e-14,datetime.datetime(2025, 9, 12, 18, 2, 37, 764962)
cap_227_623391_6,1,1.0293736143762977,85.78640256955383,-1.546140993013978e-14,datetime.datetime(2025, 9, 12, 18, 2, 37, 764962)
cap_227_623375_1,1,1.0352533879202304,129.414620683808,2.9103830456733704e-14,datetime.datetime(2025, 9, 12, 18, 2, 37, 764962)
cap_227_452638_2,1,1.034530362252981,86.21615795003038,0,datetime.datetime(2025, 9, 12, 18, 2, 37, 764962)
cap_227_452728_3,1,1.0303074955862843,85.86423078305491,0,datetime.datetime(2025, 9, 12, 18, 3, 37, 764962)
cap_227_623391_6,1,1.029629165127527,85.80769977332486,1.546140993013978e-14,datetime.datetime(2025, 9, 12, 18, 3, 37, 764962)
cap_227_623375_1,1,1.0357320110493158,129.47445224912707,-1.818989403545858e-15,datetime.datetime(2025, 9, 12, 18, 3, 37, 764962)
cap_227_452638_2,1,1.0351873294940752,86.27090858229104,0,datetime.datetime(2025, 9, 12, 18, 3, 37, 764962)
cap_227_452728_3,1,1.030647622988502,85.89257647391395,0,datetime.datetime(2025, 9, 12, 18, 4, 37, 764962)
cap_227_623391_6,1,1.0300283990678851,85.84097131151924,1.4551915228366852e-14,datetime.datetime(2025, 9, 12, 18, 4, 37, 764962)
cap_227_623375_1,1,1.0361083553127046,129.52149817108324,-1.8189894035458565e-15,datetime.datetime(2025, 9, 12, 18, 4, 37, 764962)
cap_227_452638_2,1,1.0356750558570045,86.3115549419118,-1.4551915228366852e-14,datetime.datetime(2025, 9, 12, 18, 4, 37, 764962)
cap_227_452728_3,1,1.0310887370369006,85.92933823544206,0,datetime.datetime(2025, 9, 12, 18, 5, 37, 764962)
cap_227_623391_6,1,1.030604230787792,85.88896023511933,-9.094947017729283e-16,datetime.datetime(2025, 9, 12, 18, 5, 37, 764962)
cap_227_623375_1,1,1.036562636634385,129.5782868236151,-2.9103830456733704e-14,datetime.datetime(2025, 9, 12, 18, 5, 37, 764962)
cap_227_452638_2,1,1.0362261637548098,86.35748342047398,1.637090463191271e-14,datetime.datetime(2025, 9, 12, 18, 5, 37, 764962)
cap_227_452728_3,1,1.0292825090783098,85.77880999513744,-1.4551915228366852e-14,datetime.datetime(2025, 9, 12, 18, 6, 37, 764962)
cap_227_623391_6,1,1.028876560557643,85.74497887422073,0,datetime.datetime(2025, 9, 12, 18, 6, 37, 764962)
cap_227_623375_1,1,1.0349077744088946,129.37141634176518,0,datetime.datetime(2025, 9, 12, 18, 6, 37, 764962)
cap_227_452638_2,1,1.0347220432749096,86.23213234949283,0,datetime.datetime(2025, 9, 12, 18, 6, 37, 764962)
cap_227_452728_3,1,1.029954753938217,85.83483384048563,0,datetime.datetime(2025, 9, 12, 18, 7, 37, 764962)
cap_227_623391_6,1,1.0296588720597206,85.8101755030392,0,datetime.datetime(2025, 9, 12, 18, 7, 37, 764962)
cap_227_623375_1,1,1.0358022495495345,129.48323260084507,0,datetime.datetime(2025, 9, 12, 18, 7, 37, 764962)
cap_227_452638_2,1,1.0358718776425222,86.3279577646489,9.094947017729283e-16,datetime.datetime(2025, 9, 12, 18, 7, 37, 764962)
cap_227_452728_3,1,1.0291091465877253,85.76436223370268,-1.4551915228366852e-14,datetime.datetime(2025, 9, 12, 18, 8, 37, 764962)
cap_227_623391_6,1,1.0289347572499652,85.74982889641485,-1.546140993013978e-14,datetime.datetime(2025, 9, 12, 18, 8, 37, 764962)
cap_227_623375_1,1,1.0352531920659243,129.41459620051626,-2.7284841053187846e-14,datetime.datetime(2025, 9, 12, 18, 8, 37, 764962)
cap_227_452638_2,1,1.0354790683463426,86.2952216463489,-1.3642420526593923e-14,datetime.datetime(2025, 9, 12, 18, 8, 37, 764962)
cap_227_452728_3,1,1.028398121840988,85.70510653265436,0,datetime.datetime(2025, 9, 12, 18, 9, 37, 764962)
cap_227_623391_6,1,1.0283447538866677,85.70065893000583,0,datetime.datetime(2025, 9, 12, 18, 9, 37, 764962)
cap_227_623375_1,1,1.0344134344076978,129.30962004678057,2.9103830456733704e-14,datetime.datetime(2025, 9, 12, 18, 9, 37, 764962)
cap_227_452638_2,1,1.0347645704995099,86.2356765025183,0,datetime.datetime(2025, 9, 12, 18, 9, 37, 764962)
cap_227_452728_3,1,1.0294111555055592,85.78953118911699,0,datetime.datetime(2025, 9, 12, 18, 10, 37, 764962)
cap_227_623391_6,1,1.0294431672160134,85.79219899548157,0,datetime.datetime(2025, 9, 12, 18, 10, 37, 764962)
cap_227_623375_1,1,1.0355602833096278,129.45298496338626,0,datetime.datetime(2025, 9, 12, 18, 10, 37, 764962)
cap_227_452638_2,1,1.036188395156772,86.35433584401535,9.094947017729283e-16,datetime.datetime(2025, 9, 12, 18, 10, 37, 764962)
cap_227_452728_3,1,1.0296585368581868,85.8101475678626,-2.955857780762017e-14,datetime.datetime(2025, 9, 12, 18, 11, 37, 764962)
cap_227_623391_6,1,1.029748479247467,85.81764322726858,-4.547473508864641e-16,datetime.datetime(2025, 9, 12, 18, 11, 37, 764962)
cap_227_623375_1,1,1.035759541529125,129.47789377044282,0,datetime.datetime(2025, 9, 12, 18, 11, 37, 764962)
cap_227_452638_2,1,1.036410546206122,86.37284956836636,-2.8194335754960775e-14,datetime.datetime(2025, 9, 12, 18, 11, 37, 764962)
cap_227_452728_3,1,1.029735487034946,85.8165604764014,0,datetime.datetime(2025, 9, 12, 18, 12, 37, 764962)
cap_227_623391_6,1,1.029842220089244,85.82545544382201,1.4097167877480388e-14,datetime.datetime(2025, 9, 12, 18, 12, 37, 764962)
cap_227_623375_1,1,1.0358802972288184,129.4929891598939,2.8194335754960775e-14,datetime.datetime(2025, 9, 12, 18, 12, 37, 764962)
cap_227_452638_2,1,1.0366078648929926,86.38929380209257,1.3642420526593923e-14,datetime.datetime(2025, 9, 12, 18, 12, 37, 764962)
cap_227_452728_3,1,1.0299767181023096,85.83666429989962,-1.4097167877480388e-14,datetime.datetime(2025, 9, 12, 18, 13, 37, 764962)
cap_227_623391_6,1,1.0301422674268685,85.85046092418006,0,datetime.datetime(2025, 9, 12, 18, 13, 37, 764962)
cap_227_623375_1,1,1.036092661895509,129.51953637346222,2.9103830456733704e-14,datetime.datetime(2025, 9, 12, 18, 13, 37, 764962)
cap_227_452638_2,1,1.0368320996377822,86.40798117839398,0,datetime.datetime(2025, 9, 12, 18, 13, 37, 764962)
cap_227_452728_3,1,1.0299794476186446,85.83689177356311,-2.9103830456733704e-14,datetime.datetime(2025, 9, 12, 18, 14, 37, 764962)
cap_227_623391_6,1,1.0301462785896145,85.8507952082702,0,datetime.datetime(2025, 9, 12, 18, 14, 37, 764962)
cap_227_623375_1,1,1.0361836358212304,129.53090881254494,0,datetime.datetime(2025, 9, 12, 18, 14, 37, 764962)
cap_227_452638_2,1,1.0369657033065083,86.41911550119966,1.4551915228366852e-14,datetime.datetime(2025, 9, 12, 18, 14, 37, 764962)
cap_227_452728_3,1,1.0300034460343979,85.8388917643595,-4.547473508864641e-16,datetime.datetime(2025, 9, 12, 18, 15, 37, 764962)
cap_227_623391_6,1,1.0301884063944968,85.85430607427503,-2.9103830456733704e-14,datetime.datetime(2025, 9, 12, 18, 15, 37, 764962)
cap_227_623375_1,1,1.0362271011883168,129.53634231709563,0,datetime.datetime(2025, 9, 12, 18, 15, 37, 764962)
cap_227_452638_2,1,1.0370223936212188,86.42383998421695,0,datetime.datetime(2025, 9, 12, 18, 15, 37, 764962)
cap_227_452728_3,1,1.029864926131779,85.82734773023624,1.4551915228366852e-14,datetime.datetime(2025, 9, 12, 18, 16, 37, 764962)
cap_227_623391_6,1,1.0300140948102297,85.83977921684287,2.9103830456733704e-14,datetime.datetime(2025, 9, 12, 18, 16, 37, 764962)
cap_227_623375_1,1,1.0361287240663624,129.5240444216526,2.9103830456733704e-14,datetime.datetime(2025, 9, 12, 18, 16, 37, 764962)
cap_227_452638_2,1,1.036966243082913,86.41916048532914,-9.094947017729283e-16,datetime.datetime(2025, 9, 12, 18, 16, 37, 764962)
cap_227_452728_3,1,1.0298085776933943,85.82265173866239,0,datetime.datetime(2025, 9, 12, 18, 17, 37, 764962)
cap_227_623391_6,1,1.0299261159956128,85.83244719870784,-4.547473508864641e-16,datetime.datetime(2025, 9, 12, 18, 17, 37, 764962)
cap_227_623375_1,1,1.0360758023067476,129.5174287954432,-2.9103830456733704e-14,datetime.datetime(2025, 9, 12, 18, 17, 37, 764962)
cap_227_452638_2,1,1.0369361328340603,86.41665114382914,9.094947017729283e-16,datetime.datetime(2025, 9, 12, 18, 17, 37, 764962)
cap_227_452728_3,1,1.0293770650358558,85.78669014217645,0,datetime.datetime(2025, 9, 12, 18, 18, 37, 764962)
cap_227_623391_6,1,1.0294821130773932,85.7954446832436,-1.4551915228366852e-14,datetime.datetime(2025, 9, 12, 18, 18, 37, 764962)
cap_227_623375_1,1,1.035629061354625,129.46158274699027,9.094947017729283e-16,datetime.datetime(2025, 9, 12, 18, 18, 37, 764962)
cap_227_452638_2,1,1.0363693459850536,86.3694160057598,9.094947017729283e-16,datetime.datetime(2025, 9, 12, 18, 18, 37, 764962)
cap_227_452728_3,1,1.0288844650737767,85.7456376243516,1.4551915228366852e-14,datetime.datetime(2025, 9, 12, 18, 19, 37, 764962)
cap_227_623391_6,1,1.0289122190896796,85.74795060104722,1.4551915228366852e-14,datetime.datetime(2025, 9, 12, 18, 19, 37, 764962)
cap_227_623375_1,1,1.0351889179934517,129.40656144805286,-9.094947017729283e-16,datetime.datetime(2025, 9, 12, 18, 19, 37, 764962)
cap_227_452638_2,1,1.0358672928899788,86.3275756784735,0,datetime.datetime(2025, 9, 12, 18, 19, 37, 764962)
cap_227_452728_3,1,1.030068831355542,85.8443408757448,1.3642420526593923e-14,datetime.datetime(2025, 9, 12, 18, 20, 37, 764962)
cap_227_623391_6,1,1.0298989610423814,85.83018414696734,1.4551915228366852e-14,datetime.datetime(2025, 9, 12, 18, 20, 37, 764962)
cap_227_623375_1,1,1.0362471509955515,129.5388486969137,1.8189894035458565e-15,datetime.datetime(2025, 9, 12, 18, 20, 37, 764962)
cap_227_452638_2,1,1.03674410662609,86.40064797709672,-1.4551915228366852e-14,datetime.datetime(2025, 9, 12, 18, 20, 37, 764962)
cap_227_452728_3,1,1.0295806081194945,85.80365310748803,-1.4551915228366852e-14,datetime.datetime(2025, 9, 12, 18, 21, 37, 764962)
cap_227_623391_6,1,1.0292781538236586,85.7784470349609,9.094947017729283e-16,datetime.datetime(2025, 9, 12, 18, 21, 37, 764962)
cap_227_623375_1,1,1.0358264328979645,129.48625570504393,-3.092281986027956e-14,datetime.datetime(2025, 9, 12, 18, 21, 37, 764962)
cap_227_452638_2,1,1.0362215786590911,86.3571013056989,0,datetime.datetime(2025, 9, 12, 18, 21, 37, 764962)
cap_227_452728_3,1,1.0291542279269807,85.7681192426873,9.094947017729283e-16,datetime.datetime(2025, 9, 12, 18, 22, 37, 764962)
cap_227_623391_6,1,1.0287604093757177,85.73529901463195,-9.094947017729283e-16,datetime.datetime(2025, 9, 12, 18, 22, 37, 764962)
cap_227_623375_1,1,1.0354050863317361,129.43358414976953,0,datetime.datetime(2025, 9, 12, 18, 22, 37, 764962)
cap_227_452638_2,1,1.0356992508600953,86.31357131599242,0,datetime.datetime(2025, 9, 12, 18, 22, 37, 764962)
cap_227_452728_3,1,1.0287939105038009,85.73809094675468,0,datetime.datetime(2025, 9, 12, 18, 23, 37, 764962)
cap_227_623391_6,1,1.028296601883289,85.6966460166295,-1.4551915228366852e-14,datetime.datetime(2025, 9, 12, 18, 23, 37, 764962)
cap_227_623375_1,1,1.0349765969469156,129.38001968733874,-1.8189894035458565e-15,datetime.datetime(2025, 9, 12, 18, 23, 37, 764962)
cap_227_452638_2,1,1.0351747333073453,86.26985883559988,0,datetime.datetime(2025, 9, 12, 18, 23, 37, 764962)
cap_227_452728_3,1,1.0283446687989066,85.70065183892362,0,datetime.datetime(2025, 9, 12, 18, 24, 37, 764962)
cap_227_623391_6,1,1.0277430878174154,85.65051701174752,1.4551915228366852e-14,datetime.datetime(2025, 9, 12, 18, 24, 37, 764962)
cap_227_623375_1,1,1.0345014475849255,129.32062236957324,0,datetime.datetime(2025, 9, 12, 18, 24, 37, 764962)
cap_227_452638_2,1,1.0346919197312494,86.22962190002417,-1.4551915228366852e-14,datetime.datetime(2025, 9, 12, 18, 24, 37, 764962)
