name,freq,voltage,current,power,status,timestamp
reg_c0362-cyp-reg_a,1,1.026909860880268,0,0,3,datetime.datetime(2025, 9, 12, 15, 55, 37, 764962)
reg_c0362-cyp-reg_b,1,1.026909860880268,0,-0,1,datetime.datetime(2025, 9, 12, 15, 55, 37, 764962)
reg_c0362-cyp-reg_c,1,1.026909860880268,0,0,2,datetime.datetime(2025, 9, 12, 15, 55, 37, 764962)
reg_c0362-cyp-reg_a,1,1.028196483628312,0,0,3,datetime.datetime(2025, 9, 12, 15, 57, 37, 764962)
reg_c0362-cyp-reg_b,1,1.028196483628312,0,-0,2,datetime.datetime(2025, 9, 12, 15, 57, 37, 764962)
reg_c0362-cyp-reg_c,1,1.028196483628312,0,0,2,datetime.datetime(2025, 9, 12, 15, 57, 37, 764962)
reg_c0362-cyp-reg_a,1,1.0275919787146275,0,0,3,datetime.datetime(2025, 9, 12, 15, 58, 37, 764962)
reg_c0362-cyp-reg_b,1,1.0275919787146275,0,-0,2,datetime.datetime(2025, 9, 12, 15, 58, 37, 764962)
reg_c0362-cyp-reg_c,1,1.0275919787146275,0,0,2,datetime.datetime(2025, 9, 12, 15, 58, 37, 764962)
reg_c0362-cyp-reg_a,1,1.0261476178760058,0,0,3,datetime.datetime(2025, 9, 12, 15, 59, 37, 764962)
reg_c0362-cyp-reg_b,1,1.0261476178760058,0,-0,2,datetime.datetime(2025, 9, 12, 15, 59, 37, 764962)
reg_c0362-cyp-reg_c,1,1.0261476178760058,0,0,2,datetime.datetime(2025, 9, 12, 15, 59, 37, 764962)
reg_c0362-cyp-reg_a,1,1.0316621960110675,0,0,4,datetime.datetime(2025, 9, 12, 16, 0, 37, 764962)
reg_c0362-cyp-reg_b,1,1.0316621960110675,0,-0,1,datetime.datetime(2025, 9, 12, 16, 0, 37, 764962)
reg_c0362-cyp-reg_c,1,1.0316621960110675,0,0,2,datetime.datetime(2025, 9, 12, 16, 0, 37, 764962)
reg_c0362-cyp-reg_a,1,1.0311749401682457,0,0,4,datetime.datetime(2025, 9, 12, 16, 1, 37, 764962)
reg_c0362-cyp-reg_b,1,1.0311749401682457,0,-0,1,datetime.datetime(2025, 9, 12, 16, 1, 37, 764962)
reg_c0362-cyp-reg_c,1,1.0311749401682457,0,0,2,datetime.datetime(2025, 9, 12, 16, 1, 37, 764962)
reg_c0362-cyp-reg_a,1,1.029666736931175,0,0,4,datetime.datetime(2025, 9, 12, 16, 2, 37, 764962)
reg_c0362-cyp-reg_b,1,1.029666736931175,0,-0,1,datetime.datetime(2025, 9, 12, 16, 2, 37, 764962)
reg_c0362-cyp-reg_c,1,1.029666736931175,0,0,2,datetime.datetime(2025, 9, 12, 16, 2, 37, 764962)
reg_c0362-cyp-reg_a,1,1.0307566835514246,0,0,4,datetime.datetime(2025, 9, 12, 16, 3, 37, 764962)
reg_c0362-cyp-reg_b,1,1.0307566835514246,0,-0,1,datetime.datetime(2025, 9, 12, 16, 3, 37, 764962)
reg_c0362-cyp-reg_c,1,1.0307566835514246,0,0,2,datetime.datetime(2025, 9, 12, 16, 3, 37, 764962)
reg_c0362-cyp-reg_a,1,1.0307141654058174,0,0,4,datetime.datetime(2025, 9, 12, 16, 4, 37, 764962)
reg_c0362-cyp-reg_b,1,1.0307141654058174,0,-0,1,datetime.datetime(2025, 9, 12, 16, 4, 37, 764962)
reg_c0362-cyp-reg_c,1,1.0307141654058174,0,0,2,datetime.datetime(2025, 9, 12, 16, 4, 37, 764962)
reg_c0362-cyp-reg_a,1,1.031084273033291,0,0,4,datetime.datetime(2025, 9, 12, 16, 5, 37, 764962)
reg_c0362-cyp-reg_b,1,1.031084273033291,0,-0,1,datetime.datetime(2025, 9, 12, 16, 5, 37, 764962)
reg_c0362-cyp-reg_c,1,1.031084273033291,0,0,2,datetime.datetime(2025, 9, 12, 16, 5, 37, 764962)
reg_c0362-cyp-reg_a,1,1.0323389959038274,0,0,4,datetime.datetime(2025, 9, 12, 16, 6, 37, 764962)
reg_c0362-cyp-reg_b,1,1.0323389959038274,0,-0,1,datetime.datetime(2025, 9, 12, 16, 6, 37, 764962)
reg_c0362-cyp-reg_c,1,1.0323389959038274,0,0,2,datetime.datetime(2025, 9, 12, 16, 6, 37, 764962)
reg_c0362-cyp-reg_a,1,1.026803168666137,0,0,3,datetime.datetime(2025, 9, 12, 16, 7, 37, 764962)
reg_c0362-cyp-reg_b,1,1.026803168666137,0,-0,1,datetime.datetime(2025, 9, 12, 16, 7, 37, 764962)
reg_c0362-cyp-reg_c,1,1.026803168666137,0,0,2,datetime.datetime(2025, 9, 12, 16, 7, 37, 764962)
reg_c0362-cyp-reg_a,1,1.0268225999647385,0,0,2,datetime.datetime(2025, 9, 12, 16, 8, 37, 764962)
reg_c0362-cyp-reg_b,1,1.0268225999647385,0,-0,2,datetime.datetime(2025, 9, 12, 16, 8, 37, 764962)
reg_c0362-cyp-reg_c,1,1.0268225999647385,0,0,2,datetime.datetime(2025, 9, 12, 16, 8, 37, 764962)
reg_c0362-cyp-reg_a,1,1.0293213918581996,0,0,3,datetime.datetime(2025, 9, 12, 16, 9, 37, 764962)
reg_c0362-cyp-reg_b,1,1.0293213918581996,0,-0,2,datetime.datetime(2025, 9, 12, 16, 9, 37, 764962)
reg_c0362-cyp-reg_c,1,1.0293213918581996,0,0,2,datetime.datetime(2025, 9, 12, 16, 9, 37, 764962)
reg_c0362-cyp-reg_a,1,1.029314786335296,0,0,3,datetime.datetime(2025, 9, 12, 16, 10, 37, 764962)
reg_c0362-cyp-reg_b,1,1.029314786335296,0,-0,1,datetime.datetime(2025, 9, 12, 16, 10, 37, 764962)
reg_c0362-cyp-reg_c,1,1.029314786335296,0,0,2,datetime.datetime(2025, 9, 12, 16, 10, 37, 764962)
reg_c0362-cyp-reg_a,1,1.030045750096665,0,0,3,datetime.datetime(2025, 9, 12, 16, 11, 37, 764962)
reg_c0362-cyp-reg_b,1,1.030045750096665,0,-0,1,datetime.datetime(2025, 9, 12, 16, 11, 37, 764962)
reg_c0362-cyp-reg_c,1,1.030045750096665,0,0,2,datetime.datetime(2025, 9, 12, 16, 11, 37, 764962)
reg_c0362-cyp-reg_a,1,1.0312051854473618,0,0,3,datetime.datetime(2025, 9, 12, 16, 12, 37, 764962)
reg_c0362-cyp-reg_b,1,1.0312051854473618,0,-0,1,datetime.datetime(2025, 9, 12, 16, 12, 37, 764962)
reg_c0362-cyp-reg_c,1,1.0312051854473618,0,0,2,datetime.datetime(2025, 9, 12, 16, 12, 37, 764962)
reg_c0362-cyp-reg_a,1,1.0318247605085775,0,0,3,datetime.datetime(2025, 9, 12, 16, 13, 37, 764962)
reg_c0362-cyp-reg_b,1,1.0318247605085775,0,-0,1,datetime.datetime(2025, 9, 12, 16, 13, 37, 764962)
reg_c0362-cyp-reg_c,1,1.0318247605085775,0,0,2,datetime.datetime(2025, 9, 12, 16, 13, 37, 764962)
reg_c0362-cyp-reg_a,1,1.0308510258818346,0,0,3,datetime.datetime(2025, 9, 12, 16, 14, 37, 764962)
reg_c0362-cyp-reg_b,1,1.0308510258818346,0,-0,1,datetime.datetime(2025, 9, 12, 16, 14, 37, 764962)
reg_c0362-cyp-reg_c,1,1.0308510258818346,0,0,2,datetime.datetime(2025, 9, 12, 16, 14, 37, 764962)
reg_c0362-cyp-reg_a,1,1.0313988660059503,0,0,3,datetime.datetime(2025, 9, 12, 16, 15, 37, 764962)
reg_c0362-cyp-reg_b,1,1.0313988660059503,0,-0,1,datetime.datetime(2025, 9, 12, 16, 15, 37, 764962)
reg_c0362-cyp-reg_c,1,1.0313988660059503,0,0,2,datetime.datetime(2025, 9, 12, 16, 15, 37, 764962)
reg_c0362-cyp-reg_a,1,1.0309785329800565,0,0,3,datetime.datetime(2025, 9, 12, 16, 16, 37, 764962)
reg_c0362-cyp-reg_b,1,1.0309785329800565,0,-0,1,datetime.datetime(2025, 9, 12, 16, 16, 37, 764962)
reg_c0362-cyp-reg_c,1,1.0309785329800565,0,0,2,datetime.datetime(2025, 9, 12, 16, 16, 37, 764962)
reg_c0362-cyp-reg_a,1,1.0294409574915218,0,0,3,datetime.datetime(2025, 9, 12, 16, 17, 37, 764962)
reg_c0362-cyp-reg_b,1,1.0294409574915218,0,-0,1,datetime.datetime(2025, 9, 12, 16, 17, 37, 764962)
reg_c0362-cyp-reg_c,1,1.0294409574915218,0,0,2,datetime.datetime(2025, 9, 12, 16, 17, 37, 764962)
reg_c0362-cyp-reg_a,1,1.0290566397145369,0,0,3,datetime.datetime(2025, 9, 12, 16, 18, 37, 764962)
reg_c0362-cyp-reg_b,1,1.0290566397145369,0,-0,1,datetime.datetime(2025, 9, 12, 16, 18, 37, 764962)
reg_c0362-cyp-reg_c,1,1.0290566397145369,0,0,2,datetime.datetime(2025, 9, 12, 16, 18, 37, 764962)
reg_c0362-cyp-reg_a,1,1.0272905024971657,0,0,3,datetime.datetime(2025, 9, 12, 16, 19, 37, 764962)
reg_c0362-cyp-reg_b,1,1.0272905024971657,0,-0,1,datetime.datetime(2025, 9, 12, 16, 19, 37, 764962)
reg_c0362-cyp-reg_c,1,1.0272905024971657,0,0,2,datetime.datetime(2025, 9, 12, 16, 19, 37, 764962)
reg_c0362-cyp-reg_a,1,1.0260017118156493,0,0,3,datetime.datetime(2025, 9, 12, 16, 20, 37, 764962)
reg_c0362-cyp-reg_b,1,1.0260017118156493,0,-0,1,datetime.datetime(2025, 9, 12, 16, 20, 37, 764962)
reg_c0362-cyp-reg_c,1,1.0260017118156493,0,0,2,datetime.datetime(2025, 9, 12, 16, 20, 37, 764962)
reg_c0362-cyp-reg_a,1,1.0257620690064917,0,0,3,datetime.datetime(2025, 9, 12, 16, 21, 37, 764962)
reg_c0362-cyp-reg_b,1,1.0257620690064917,0,-0,1,datetime.datetime(2025, 9, 12, 16, 21, 37, 764962)
reg_c0362-cyp-reg_c,1,1.0257620690064917,0,0,2,datetime.datetime(2025, 9, 12, 16, 21, 37, 764962)
reg_c0362-cyp-reg_a,1,1.0312918450872957,0,0,4,datetime.datetime(2025, 9, 12, 16, 22, 37, 764962)
reg_c0362-cyp-reg_b,1,1.0312918450872957,0,-0,1,datetime.datetime(2025, 9, 12, 16, 22, 37, 764962)
reg_c0362-cyp-reg_c,1,1.0312918450872957,0,0,2,datetime.datetime(2025, 9, 12, 16, 22, 37, 764962)
reg_c0362-cyp-reg_a,1,1.031318539867973,0,0,4,datetime.datetime(2025, 9, 12, 16, 23, 37, 764962)
reg_c0362-cyp-reg_b,1,1.031318539867973,0,-0,1,datetime.datetime(2025, 9, 12, 16, 23, 37, 764962)
reg_c0362-cyp-reg_c,1,1.031318539867973,0,0,2,datetime.datetime(2025, 9, 12, 16, 23, 37, 764962)
reg_c0362-cyp-reg_a,1,1.030883272219957,0,0,4,datetime.datetime(2025, 9, 12, 16, 24, 37, 764962)
reg_c0362-cyp-reg_b,1,1.030883272219957,0,-0,1,datetime.datetime(2025, 9, 12, 16, 24, 37, 764962)
reg_c0362-cyp-reg_c,1,1.030883272219957,0,0,2,datetime.datetime(2025, 9, 12, 16, 24, 37, 764962)
reg_c0362-cyp-reg_a,1,1.031577019941771,0,0,4,datetime.datetime(2025, 9, 12, 16, 25, 37, 764962)
reg_c0362-cyp-reg_b,1,1.031577019941771,0,-0,1,datetime.datetime(2025, 9, 12, 16, 25, 37, 764962)
reg_c0362-cyp-reg_c,1,1.031577019941771,0,0,2,datetime.datetime(2025, 9, 12, 16, 25, 37, 764962)
reg_c0362-cyp-reg_a,1,1.030809734898401,0,0,4,datetime.datetime(2025, 9, 12, 16, 26, 37, 764962)
reg_c0362-cyp-reg_b,1,1.030809734898401,0,-0,1,datetime.datetime(2025, 9, 12, 16, 26, 37, 764962)
reg_c0362-cyp-reg_c,1,1.030809734898401,0,0,2,datetime.datetime(2025, 9, 12, 16, 26, 37, 764962)
reg_c0362-cyp-reg_a,1,1.0317830641936445,0,0,4,datetime.datetime(2025, 9, 12, 16, 27, 37, 764962)
reg_c0362-cyp-reg_b,1,1.0317830641936445,0,-0,1,datetime.datetime(2025, 9, 12, 16, 27, 37, 764962)
reg_c0362-cyp-reg_c,1,1.0317830641936445,0,0,2,datetime.datetime(2025, 9, 12, 16, 27, 37, 764962)
reg_c0362-cyp-reg_a,1,1.0324306843188524,0,0,4,datetime.datetime(2025, 9, 12, 16, 28, 37, 764962)
reg_c0362-cyp-reg_b,1,1.0324306843188524,0,-0,1,datetime.datetime(2025, 9, 12, 16, 28, 37, 764962)
reg_c0362-cyp-reg_c,1,1.0324306843188524,0,0,2,datetime.datetime(2025, 9, 12, 16, 28, 37, 764962)
reg_c0362-cyp-reg_a,1,1.0320952844545124,0,0,4,datetime.datetime(2025, 9, 12, 16, 29, 37, 764962)
reg_c0362-cyp-reg_b,1,1.0320952844545124,0,-0,1,datetime.datetime(2025, 9, 12, 16, 29, 37, 764962)
reg_c0362-cyp-reg_c,1,1.0320952844545124,0,0,2,datetime.datetime(2025, 9, 12, 16, 29, 37, 764962)
reg_c0362-cyp-reg_a,1,1.0322546368262748,0,0,4,datetime.datetime(2025, 9, 12, 16, 30, 37, 764962)
reg_c0362-cyp-reg_b,1,1.0322546368262748,0,-0,1,datetime.datetime(2025, 9, 12, 16, 30, 37, 764962)
reg_c0362-cyp-reg_c,1,1.0322546368262748,0,0,2,datetime.datetime(2025, 9, 12, 16, 30, 37, 764962)
reg_c0362-cyp-reg_a,1,1.0272231534654257,0,0,3,datetime.datetime(2025, 9, 12, 16, 31, 37, 764962)
reg_c0362-cyp-reg_b,1,1.0272231534654257,0,-0,1,datetime.datetime(2025, 9, 12, 16, 31, 37, 764962)
reg_c0362-cyp-reg_c,1,1.0272231534654257,0,0,2,datetime.datetime(2025, 9, 12, 16, 31, 37, 764962)
reg_c0362-cyp-reg_a,1,1.033151225242365,0,0,3,datetime.datetime(2025, 9, 12, 16, 32, 37, 764962)
reg_c0362-cyp-reg_b,1,1.033151225242365,0,-0,1,datetime.datetime(2025, 9, 12, 16, 32, 37, 764962)
reg_c0362-cyp-reg_c,1,1.033151225242365,0,0,2,datetime.datetime(2025, 9, 12, 16, 32, 37, 764962)
reg_c0362-cyp-reg_a,1,1.0312915375097356,0,0,3,datetime.datetime(2025, 9, 12, 16, 33, 37, 764962)
reg_c0362-cyp-reg_b,1,1.0312915375097356,0,-0,1,datetime.datetime(2025, 9, 12, 16, 33, 37, 764962)
reg_c0362-cyp-reg_c,1,1.0312915375097356,0,0,2,datetime.datetime(2025, 9, 12, 16, 33, 37, 764962)
reg_c0362-cyp-reg_a,1,1.0303417870508322,0,0,3,datetime.datetime(2025, 9, 12, 16, 34, 37, 764962)
reg_c0362-cyp-reg_b,1,1.0303417870508322,0,-0,1,datetime.datetime(2025, 9, 12, 16, 34, 37, 764962)
reg_c0362-cyp-reg_c,1,1.0303417870508322,0,0,2,datetime.datetime(2025, 9, 12, 16, 34, 37, 764962)
reg_c0362-cyp-reg_a,1,1.0306809163511035,0,0,3,datetime.datetime(2025, 9, 12, 16, 35, 37, 764962)
reg_c0362-cyp-reg_b,1,1.0306809163511035,0,-0,1,datetime.datetime(2025, 9, 12, 16, 35, 37, 764962)
reg_c0362-cyp-reg_c,1,1.0306809163511035,0,0,2,datetime.datetime(2025, 9, 12, 16, 35, 37, 764962)
reg_c0362-cyp-reg_a,1,1.031785675372133,0,0,3,datetime.datetime(2025, 9, 12, 16, 36, 37, 764962)
reg_c0362-cyp-reg_b,1,1.031785675372133,0,-0,1,datetime.datetime(2025, 9, 12, 16, 36, 37, 764962)
reg_c0362-cyp-reg_c,1,1.031785675372133,0,0,2,datetime.datetime(2025, 9, 12, 16, 36, 37, 764962)
reg_c0362-cyp-reg_a,1,1.0320282232211266,0,0,3,datetime.datetime(2025, 9, 12, 16, 37, 37, 764962)
reg_c0362-cyp-reg_b,1,1.0320282232211266,0,-0,1,datetime.datetime(2025, 9, 12, 16, 37, 37, 764962)
reg_c0362-cyp-reg_c,1,1.0320282232211266,0,0,2,datetime.datetime(2025, 9, 12, 16, 37, 37, 764962)
reg_c0362-cyp-reg_a,1,1.0312586373527104,0,0,3,datetime.datetime(2025, 9, 12, 16, 38, 37, 764962)
reg_c0362-cyp-reg_b,1,1.0312586373527104,0,-0,1,datetime.datetime(2025, 9, 12, 16, 38, 37, 764962)
reg_c0362-cyp-reg_c,1,1.0312586373527104,0,0,2,datetime.datetime(2025, 9, 12, 16, 38, 37, 764962)
reg_c0362-cyp-reg_a,1,1.0321636607301303,0,0,3,datetime.datetime(2025, 9, 12, 16, 39, 37, 764962)
reg_c0362-cyp-reg_b,1,1.0321636607301303,0,-0,1,datetime.datetime(2025, 9, 12, 16, 39, 37, 764962)
reg_c0362-cyp-reg_c,1,1.0321636607301303,0,0,2,datetime.datetime(2025, 9, 12, 16, 39, 37, 764962)
reg_c0362-cyp-reg_a,1,1.031468527916092,0,0,3,datetime.datetime(2025, 9, 12, 16, 40, 37, 764962)
reg_c0362-cyp-reg_b,1,1.031468527916092,0,-0,1,datetime.datetime(2025, 9, 12, 16, 40, 37, 764962)
reg_c0362-cyp-reg_c,1,1.031468527916092,0,0,2,datetime.datetime(2025, 9, 12, 16, 40, 37, 764962)
reg_c0362-cyp-reg_a,1,1.030084199352076,0,0,3,datetime.datetime(2025, 9, 12, 16, 41, 37, 764962)
reg_c0362-cyp-reg_b,1,1.030084199352076,0,-0,1,datetime.datetime(2025, 9, 12, 16, 41, 37, 764962)
reg_c0362-cyp-reg_c,1,1.030084199352076,0,0,2,datetime.datetime(2025, 9, 12, 16, 41, 37, 764962)
reg_c0362-cyp-reg_a,1,1.029877757562245,0,0,3,datetime.datetime(2025, 9, 12, 16, 42, 37, 764962)
reg_c0362-cyp-reg_b,1,1.029877757562245,0,-0,1,datetime.datetime(2025, 9, 12, 16, 42, 37, 764962)
reg_c0362-cyp-reg_c,1,1.029877757562245,0,0,2,datetime.datetime(2025, 9, 12, 16, 42, 37, 764962)
reg_c0362-cyp-reg_a,1,1.02773347481394,0,0,3,datetime.datetime(2025, 9, 12, 16, 43, 37, 764962)
reg_c0362-cyp-reg_b,1,1.02773347481394,0,-0,1,datetime.datetime(2025, 9, 12, 16, 43, 37, 764962)
reg_c0362-cyp-reg_c,1,1.02773347481394,0,0,2,datetime.datetime(2025, 9, 12, 16, 43, 37, 764962)
reg_c0362-cyp-reg_a,1,1.0266291019748068,0,0,3,datetime.datetime(2025, 9, 12, 16, 44, 37, 764962)
reg_c0362-cyp-reg_b,1,1.0266291019748068,0,-0,1,datetime.datetime(2025, 9, 12, 16, 44, 37, 764962)
reg_c0362-cyp-reg_c,1,1.0266291019748068,0,0,2,datetime.datetime(2025, 9, 12, 16, 44, 37, 764962)
reg_c0362-cyp-reg_a,1,1.0270511351001657,0,0,3,datetime.datetime(2025, 9, 12, 16, 45, 37, 764962)
reg_c0362-cyp-reg_b,1,1.0270511351001657,0,-0,1,datetime.datetime(2025, 9, 12, 16, 45, 37, 764962)
reg_c0362-cyp-reg_c,1,1.0270511351001657,0,0,2,datetime.datetime(2025, 9, 12, 16, 45, 37, 764962)
reg_c0362-cyp-reg_a,1,1.02617333516062,0,0,3,datetime.datetime(2025, 9, 12, 16, 46, 37, 764962)
reg_c0362-cyp-reg_b,1,1.02617333516062,0,-0,1,datetime.datetime(2025, 9, 12, 16, 46, 37, 764962)
reg_c0362-cyp-reg_c,1,1.02617333516062,0,0,2,datetime.datetime(2025, 9, 12, 16, 46, 37, 764962)
reg_c0362-cyp-reg_a,1,1.0319389828612777,0,0,4,datetime.datetime(2025, 9, 12, 16, 47, 37, 764962)
reg_c0362-cyp-reg_b,1,1.0319389828612777,0,-0,1,datetime.datetime(2025, 9, 12, 16, 47, 37, 764962)
reg_c0362-cyp-reg_c,1,1.0319389828612777,0,0,2,datetime.datetime(2025, 9, 12, 16, 47, 37, 764962)
reg_c0362-cyp-reg_a,1,1.0312928732231423,0,0,4,datetime.datetime(2025, 9, 12, 16, 48, 37, 764962)
reg_c0362-cyp-reg_b,1,1.0312928732231423,0,-0,1,datetime.datetime(2025, 9, 12, 16, 48, 37, 764962)
reg_c0362-cyp-reg_c,1,1.0312928732231423,0,0,2,datetime.datetime(2025, 9, 12, 16, 48, 37, 764962)
reg_c0362-cyp-reg_a,1,1.0316587558088892,0,0,4,datetime.datetime(2025, 9, 12, 16, 49, 37, 764962)
reg_c0362-cyp-reg_b,1,1.0316587558088892,0,-0,1,datetime.datetime(2025, 9, 12, 16, 49, 37, 764962)
reg_c0362-cyp-reg_c,1,1.0316587558088892,0,0,2,datetime.datetime(2025, 9, 12, 16, 49, 37, 764962)
reg_c0362-cyp-reg_a,1,1.0306183953322783,0,0,4,datetime.datetime(2025, 9, 12, 16, 50, 37, 764962)
reg_c0362-cyp-reg_b,1,1.0306183953322783,0,-0,1,datetime.datetime(2025, 9, 12, 16, 50, 37, 764962)
reg_c0362-cyp-reg_c,1,1.0306183953322783,0,0,2,datetime.datetime(2025, 9, 12, 16, 50, 37, 764962)
reg_c0362-cyp-reg_a,1,1.0324832679923035,0,0,4,datetime.datetime(2025, 9, 12, 16, 51, 37, 764962)
reg_c0362-cyp-reg_b,1,1.0324832679923035,0,-0,1,datetime.datetime(2025, 9, 12, 16, 51, 37, 764962)
reg_c0362-cyp-reg_c,1,1.0324832679923035,0,0,2,datetime.datetime(2025, 9, 12, 16, 51, 37, 764962)
reg_c0362-cyp-reg_a,1,1.0332815288916322,0,0,4,datetime.datetime(2025, 9, 12, 16, 52, 37, 764962)
reg_c0362-cyp-reg_b,1,1.0332815288916322,0,-0,1,datetime.datetime(2025, 9, 12, 16, 52, 37, 764962)
reg_c0362-cyp-reg_c,1,1.0332815288916322,0,0,2,datetime.datetime(2025, 9, 12, 16, 52, 37, 764962)
reg_c0362-cyp-reg_a,1,1.0333815397105488,0,0,4,datetime.datetime(2025, 9, 12, 16, 53, 37, 764962)
reg_c0362-cyp-reg_b,1,1.0333815397105488,0,-0,1,datetime.datetime(2025, 9, 12, 16, 53, 37, 764962)
reg_c0362-cyp-reg_c,1,1.0333815397105488,0,0,2,datetime.datetime(2025, 9, 12, 16, 53, 37, 764962)
reg_c0362-cyp-reg_a,1,1.027100764965457,0,0,3,datetime.datetime(2025, 9, 12, 16, 54, 37, 764962)
reg_c0362-cyp-reg_b,1,1.027100764965457,0,-0,1,datetime.datetime(2025, 9, 12, 16, 54, 37, 764962)
reg_c0362-cyp-reg_c,1,1.027100764965457,0,0,2,datetime.datetime(2025, 9, 12, 16, 54, 37, 764962)
reg_c0362-cyp-reg_a,1,1.027214598029016,0,0,3,datetime.datetime(2025, 9, 12, 16, 55, 37, 764962)
reg_c0362-cyp-reg_b,1,1.027214598029016,0,-0,1,datetime.datetime(2025, 9, 12, 16, 55, 37, 764962)
reg_c0362-cyp-reg_c,1,1.027214598029016,0,0,2,datetime.datetime(2025, 9, 12, 16, 55, 37, 764962)
reg_c0362-cyp-reg_a,1,1.0322510993102467,0,0,3,datetime.datetime(2025, 9, 12, 16, 56, 37, 764962)
reg_c0362-cyp-reg_b,1,1.0322510993102467,0,-0,2,datetime.datetime(2025, 9, 12, 16, 56, 37, 764962)
reg_c0362-cyp-reg_c,1,1.0322510993102467,0,0,2,datetime.datetime(2025, 9, 12, 16, 56, 37, 764962)
reg_c0362-cyp-reg_a,1,1.030483268906283,0,0,3,datetime.datetime(2025, 9, 12, 16, 57, 37, 764962)
reg_c0362-cyp-reg_b,1,1.030483268906283,0,-0,2,datetime.datetime(2025, 9, 12, 16, 57, 37, 764962)
reg_c0362-cyp-reg_c,1,1.030483268906283,0,0,2,datetime.datetime(2025, 9, 12, 16, 57, 37, 764962)
reg_c0362-cyp-reg_a,1,1.0304819488485564,0,0,3,datetime.datetime(2025, 9, 12, 16, 58, 37, 764962)
reg_c0362-cyp-reg_b,1,1.0304819488485564,0,-0,1,datetime.datetime(2025, 9, 12, 16, 58, 37, 764962)
reg_c0362-cyp-reg_c,1,1.0304819488485564,0,0,2,datetime.datetime(2025, 9, 12, 16, 58, 37, 764962)
reg_c0362-cyp-reg_a,1,1.0312205951024798,0,0,3,datetime.datetime(2025, 9, 12, 16, 59, 37, 764962)
reg_c0362-cyp-reg_b,1,1.0312205951024798,0,-0,1,datetime.datetime(2025, 9, 12, 16, 59, 37, 764962)
reg_c0362-cyp-reg_c,1,1.0312205951024798,0,0,2,datetime.datetime(2025, 9, 12, 16, 59, 37, 764962)
reg_c0362-cyp-reg_a,1,1.0315713672043543,0,0,3,datetime.datetime(2025, 9, 12, 17, 0, 37, 764962)
reg_c0362-cyp-reg_b,1,1.0315713672043543,0,-0,1,datetime.datetime(2025, 9, 12, 17, 0, 37, 764962)
reg_c0362-cyp-reg_c,1,1.0315713672043543,0,0,2,datetime.datetime(2025, 9, 12, 17, 0, 37, 764962)
reg_c0362-cyp-reg_a,1,1.0320710667040678,0,0,3,datetime.datetime(2025, 9, 12, 17, 1, 37, 764962)
reg_c0362-cyp-reg_b,1,1.0320710667040678,0,-0,1,datetime.datetime(2025, 9, 12, 17, 1, 37, 764962)
reg_c0362-cyp-reg_c,1,1.0320710667040678,0,0,2,datetime.datetime(2025, 9, 12, 17, 1, 37, 764962)
reg_c0362-cyp-reg_a,1,1.0313930586711852,0,0,3,datetime.datetime(2025, 9, 12, 17, 2, 37, 764962)
reg_c0362-cyp-reg_b,1,1.0313930586711852,0,-0,1,datetime.datetime(2025, 9, 12, 17, 2, 37, 764962)
reg_c0362-cyp-reg_c,1,1.0313930586711852,0,0,2,datetime.datetime(2025, 9, 12, 17, 2, 37, 764962)
reg_c0362-cyp-reg_a,1,1.0322875862284018,0,0,3,datetime.datetime(2025, 9, 12, 17, 3, 37, 764962)
reg_c0362-cyp-reg_b,1,1.0322875862284018,0,-0,1,datetime.datetime(2025, 9, 12, 17, 3, 37, 764962)
reg_c0362-cyp-reg_c,1,1.0322875862284018,0,0,2,datetime.datetime(2025, 9, 12, 17, 3, 37, 764962)
reg_c0362-cyp-reg_a,1,1.0322637756097592,0,0,3,datetime.datetime(2025, 9, 12, 17, 4, 37, 764962)
reg_c0362-cyp-reg_b,1,1.0322637756097592,0,-0,1,datetime.datetime(2025, 9, 12, 17, 4, 37, 764962)
reg_c0362-cyp-reg_c,1,1.0322637756097592,0,0,2,datetime.datetime(2025, 9, 12, 17, 4, 37, 764962)
reg_c0362-cyp-reg_a,1,1.0312628918940692,0,0,3,datetime.datetime(2025, 9, 12, 17, 5, 37, 764962)
reg_c0362-cyp-reg_b,1,1.0312628918940692,0,-0,1,datetime.datetime(2025, 9, 12, 17, 5, 37, 764962)
reg_c0362-cyp-reg_c,1,1.0312628918940692,0,0,2,datetime.datetime(2025, 9, 12, 17, 5, 37, 764962)
reg_c0362-cyp-reg_a,1,1.030949462696463,0,0,3,datetime.datetime(2025, 9, 12, 17, 6, 37, 764962)
reg_c0362-cyp-reg_b,1,1.030949462696463,0,-0,1,datetime.datetime(2025, 9, 12, 17, 6, 37, 764962)
reg_c0362-cyp-reg_c,1,1.030949462696463,0,0,2,datetime.datetime(2025, 9, 12, 17, 6, 37, 764962)
reg_c0362-cyp-reg_a,1,1.0298398579714056,0,0,3,datetime.datetime(2025, 9, 12, 17, 7, 37, 764962)
reg_c0362-cyp-reg_b,1,1.0298398579714056,0,-0,1,datetime.datetime(2025, 9, 12, 17, 7, 37, 764962)
reg_c0362-cyp-reg_c,1,1.0298398579714056,0,0,2,datetime.datetime(2025, 9, 12, 17, 7, 37, 764962)
reg_c0362-cyp-reg_a,1,1.0272491671771378,0,0,3,datetime.datetime(2025, 9, 12, 17, 8, 37, 764962)
reg_c0362-cyp-reg_b,1,1.0272491671771378,0,-0,1,datetime.datetime(2025, 9, 12, 17, 8, 37, 764962)
reg_c0362-cyp-reg_c,1,1.0272491671771378,0,0,2,datetime.datetime(2025, 9, 12, 17, 8, 37, 764962)
reg_c0362-cyp-reg_a,1,1.026872687187086,0,0,3,datetime.datetime(2025, 9, 12, 17, 9, 37, 764962)
reg_c0362-cyp-reg_b,1,1.026872687187086,0,-0,1,datetime.datetime(2025, 9, 12, 17, 9, 37, 764962)
reg_c0362-cyp-reg_c,1,1.026872687187086,0,0,2,datetime.datetime(2025, 9, 12, 17, 9, 37, 764962)
reg_c0362-cyp-reg_a,1,1.025458504462564,0,0,3,datetime.datetime(2025, 9, 12, 17, 10, 37, 764962)
reg_c0362-cyp-reg_b,1,1.025458504462564,0,-0,1,datetime.datetime(2025, 9, 12, 17, 10, 37, 764962)
reg_c0362-cyp-reg_c,1,1.025458504462564,0,0,2,datetime.datetime(2025, 9, 12, 17, 10, 37, 764962)
reg_c0362-cyp-reg_a,1,1.031719846381505,0,0,4,datetime.datetime(2025, 9, 12, 17, 11, 37, 764962)
reg_c0362-cyp-reg_b,1,1.031719846381505,0,-0,1,datetime.datetime(2025, 9, 12, 17, 11, 37, 764962)
reg_c0362-cyp-reg_c,1,1.031719846381505,0,0,2,datetime.datetime(2025, 9, 12, 17, 11, 37, 764962)
reg_c0362-cyp-reg_a,1,1.0317563411721469,0,0,4,datetime.datetime(2025, 9, 12, 17, 12, 37, 764962)
reg_c0362-cyp-reg_b,1,1.0317563411721469,0,-0,1,datetime.datetime(2025, 9, 12, 17, 12, 37, 764962)
reg_c0362-cyp-reg_c,1,1.0317563411721469,0,0,2,datetime.datetime(2025, 9, 12, 17, 12, 37, 764962)
reg_c0362-cyp-reg_a,1,1.0304349539224986,0,0,4,datetime.datetime(2025, 9, 12, 17, 13, 37, 764962)
reg_c0362-cyp-reg_b,1,1.0304349539224986,0,-0,1,datetime.datetime(2025, 9, 12, 17, 13, 37, 764962)
reg_c0362-cyp-reg_c,1,1.0304349539224986,0,0,2,datetime.datetime(2025, 9, 12, 17, 13, 37, 764962)
reg_c0362-cyp-reg_a,1,1.0290157979376409,0,0,4,datetime.datetime(2025, 9, 12, 17, 14, 37, 764962)
reg_c0362-cyp-reg_b,1,1.0290157979376409,0,-0,1,datetime.datetime(2025, 9, 12, 17, 14, 37, 764962)
reg_c0362-cyp-reg_c,1,1.0290157979376409,0,0,2,datetime.datetime(2025, 9, 12, 17, 14, 37, 764962)
reg_c0362-cyp-reg_a,1,1.02944282161114,0,0,4,datetime.datetime(2025, 9, 12, 17, 15, 37, 764962)
reg_c0362-cyp-reg_b,1,1.02944282161114,0,-0,1,datetime.datetime(2025, 9, 12, 17, 15, 37, 764962)
reg_c0362-cyp-reg_c,1,1.02944282161114,0,0,2,datetime.datetime(2025, 9, 12, 17, 15, 37, 764962)
reg_c0362-cyp-reg_a,1,1.0289366359279768,0,0,4,datetime.datetime(2025, 9, 12, 17, 16, 37, 764962)
reg_c0362-cyp-reg_b,1,1.0289366359279768,0,-0,1,datetime.datetime(2025, 9, 12, 17, 16, 37, 764962)
reg_c0362-cyp-reg_c,1,1.0289366359279768,0,0,2,datetime.datetime(2025, 9, 12, 17, 16, 37, 764962)
reg_c0362-cyp-reg_a,1,1.030547927809862,0,0,4,datetime.datetime(2025, 9, 12, 17, 17, 37, 764962)
reg_c0362-cyp-reg_b,1,1.030547927809862,0,-0,1,datetime.datetime(2025, 9, 12, 17, 17, 37, 764962)
reg_c0362-cyp-reg_c,1,1.030547927809862,0,0,2,datetime.datetime(2025, 9, 12, 17, 17, 37, 764962)
reg_c0362-cyp-reg_a,1,1.0316306882852575,0,0,4,datetime.datetime(2025, 9, 12, 17, 18, 37, 764962)
reg_c0362-cyp-reg_b,1,1.0316306882852575,0,-0,1,datetime.datetime(2025, 9, 12, 17, 18, 37, 764962)
reg_c0362-cyp-reg_c,1,1.0316306882852575,0,0,2,datetime.datetime(2025, 9, 12, 17, 18, 37, 764962)
reg_c0362-cyp-reg_a,1,1.0329687011942597,0,0,4,datetime.datetime(2025, 9, 12, 17, 19, 37, 764962)
reg_c0362-cyp-reg_b,1,1.0329687011942597,0,-0,1,datetime.datetime(2025, 9, 12, 17, 19, 37, 764962)
reg_c0362-cyp-reg_c,1,1.0329687011942597,0,0,2,datetime.datetime(2025, 9, 12, 17, 19, 37, 764962)
reg_c0362-cyp-reg_a,1,1.0311287187422777,0,0,3,datetime.datetime(2025, 9, 12, 17, 20, 37, 764962)
reg_c0362-cyp-reg_b,1,1.0311287187422777,0,-0,1,datetime.datetime(2025, 9, 12, 17, 20, 37, 764962)
reg_c0362-cyp-reg_c,1,1.0311287187422777,0,0,3,datetime.datetime(2025, 9, 12, 17, 20, 37, 764962)
reg_c0362-cyp-reg_a,1,1.029855437664395,0,0,3,datetime.datetime(2025, 9, 12, 17, 21, 37, 764962)
reg_c0362-cyp-reg_b,1,1.029855437664395,0,-0,1,datetime.datetime(2025, 9, 12, 17, 21, 37, 764962)
reg_c0362-cyp-reg_c,1,1.029855437664395,0,0,3,datetime.datetime(2025, 9, 12, 17, 21, 37, 764962)
reg_c0362-cyp-reg_a,1,1.0302460958418014,0,0,3,datetime.datetime(2025, 9, 12, 17, 22, 37, 764962)
reg_c0362-cyp-reg_b,1,1.0302460958418014,0,-0,1,datetime.datetime(2025, 9, 12, 17, 22, 37, 764962)
reg_c0362-cyp-reg_c,1,1.0302460958418014,0,0,2,datetime.datetime(2025, 9, 12, 17, 22, 37, 764962)
reg_c0362-cyp-reg_a,1,1.0304986954265918,0,0,3,datetime.datetime(2025, 9, 12, 17, 23, 37, 764962)
reg_c0362-cyp-reg_b,1,1.0304986954265918,0,-0,1,datetime.datetime(2025, 9, 12, 17, 23, 37, 764962)
reg_c0362-cyp-reg_c,1,1.0304986954265918,0,0,2,datetime.datetime(2025, 9, 12, 17, 23, 37, 764962)
reg_c0362-cyp-reg_a,1,1.0315803956974017,0,0,3,datetime.datetime(2025, 9, 12, 17, 24, 37, 764962)
reg_c0362-cyp-reg_b,1,1.0315803956974017,0,-0,1,datetime.datetime(2025, 9, 12, 17, 24, 37, 764962)
reg_c0362-cyp-reg_c,1,1.0315803956974017,0,0,2,datetime.datetime(2025, 9, 12, 17, 24, 37, 764962)
reg_c0362-cyp-reg_a,1,1.032426482771912,0,0,3,datetime.datetime(2025, 9, 12, 17, 25, 37, 764962)
reg_c0362-cyp-reg_b,1,1.032426482771912,0,-0,1,datetime.datetime(2025, 9, 12, 17, 25, 37, 764962)
reg_c0362-cyp-reg_c,1,1.032426482771912,0,0,2,datetime.datetime(2025, 9, 12, 17, 25, 37, 764962)
reg_c0362-cyp-reg_a,1,1.0321431909984646,0,0,3,datetime.datetime(2025, 9, 12, 17, 26, 37, 764962)
reg_c0362-cyp-reg_b,1,1.0321431909984646,0,-0,1,datetime.datetime(2025, 9, 12, 17, 26, 37, 764962)
reg_c0362-cyp-reg_c,1,1.0321431909984646,0,0,2,datetime.datetime(2025, 9, 12, 17, 26, 37, 764962)
reg_c0362-cyp-reg_a,1,1.0325706538246324,0,0,3,datetime.datetime(2025, 9, 12, 17, 27, 37, 764962)
reg_c0362-cyp-reg_b,1,1.0325706538246324,0,-0,1,datetime.datetime(2025, 9, 12, 17, 27, 37, 764962)
reg_c0362-cyp-reg_c,1,1.0325706538246324,0,0,2,datetime.datetime(2025, 9, 12, 17, 27, 37, 764962)
reg_c0362-cyp-reg_a,1,1.0319871078144836,0,0,3,datetime.datetime(2025, 9, 12, 17, 28, 37, 764962)
reg_c0362-cyp-reg_b,1,1.0319871078144836,0,-0,1,datetime.datetime(2025, 9, 12, 17, 28, 37, 764962)
reg_c0362-cyp-reg_c,1,1.0319871078144836,0,0,2,datetime.datetime(2025, 9, 12, 17, 28, 37, 764962)
reg_c0362-cyp-reg_a,1,1.031272201154992,0,0,3,datetime.datetime(2025, 9, 12, 17, 29, 37, 764962)
reg_c0362-cyp-reg_b,1,1.031272201154992,0,-0,1,datetime.datetime(2025, 9, 12, 17, 29, 37, 764962)
reg_c0362-cyp-reg_c,1,1.031272201154992,0,0,2,datetime.datetime(2025, 9, 12, 17, 29, 37, 764962)
reg_c0362-cyp-reg_a,1,1.0306657262541203,0,0,3,datetime.datetime(2025, 9, 12, 17, 30, 37, 764962)
reg_c0362-cyp-reg_b,1,1.0306657262541203,0,-0,1,datetime.datetime(2025, 9, 12, 17, 30, 37, 764962)
reg_c0362-cyp-reg_c,1,1.0306657262541203,0,0,2,datetime.datetime(2025, 9, 12, 17, 30, 37, 764962)
reg_c0362-cyp-reg_a,1,1.0291840527659233,0,0,3,datetime.datetime(2025, 9, 12, 17, 31, 37, 764962)
reg_c0362-cyp-reg_b,1,1.0291840527659233,0,-0,1,datetime.datetime(2025, 9, 12, 17, 31, 37, 764962)
reg_c0362-cyp-reg_c,1,1.0291840527659233,0,0,2,datetime.datetime(2025, 9, 12, 17, 31, 37, 764962)
reg_c0362-cyp-reg_a,1,1.0276086396430795,0,0,3,datetime.datetime(2025, 9, 12, 17, 32, 37, 764962)
reg_c0362-cyp-reg_b,1,1.0276086396430795,0,-0,1,datetime.datetime(2025, 9, 12, 17, 32, 37, 764962)
reg_c0362-cyp-reg_c,1,1.0276086396430795,0,0,2,datetime.datetime(2025, 9, 12, 17, 32, 37, 764962)
reg_c0362-cyp-reg_a,1,1.0263151050423391,0,0,3,datetime.datetime(2025, 9, 12, 17, 33, 37, 764962)
reg_c0362-cyp-reg_b,1,1.0263151050423391,0,-0,1,datetime.datetime(2025, 9, 12, 17, 33, 37, 764962)
reg_c0362-cyp-reg_c,1,1.0263151050423391,0,0,2,datetime.datetime(2025, 9, 12, 17, 33, 37, 764962)
reg_c0362-cyp-reg_a,1,1.0313996544158301,0,0,4,datetime.datetime(2025, 9, 12, 17, 34, 37, 764962)
reg_c0362-cyp-reg_b,1,1.0313996544158301,0,-0,1,datetime.datetime(2025, 9, 12, 17, 34, 37, 764962)
reg_c0362-cyp-reg_c,1,1.0313996544158301,0,0,2,datetime.datetime(2025, 9, 12, 17, 34, 37, 764962)
reg_c0362-cyp-reg_a,1,1.02971377413884,0,0,4,datetime.datetime(2025, 9, 12, 17, 35, 37, 764962)
reg_c0362-cyp-reg_b,1,1.02971377413884,0,-0,1,datetime.datetime(2025, 9, 12, 17, 35, 37, 764962)
reg_c0362-cyp-reg_c,1,1.02971377413884,0,0,2,datetime.datetime(2025, 9, 12, 17, 35, 37, 764962)
reg_c0362-cyp-reg_a,1,1.029375523112043,0,0,4,datetime.datetime(2025, 9, 12, 17, 36, 37, 764962)
reg_c0362-cyp-reg_b,1,1.029375523112043,0,-0,1,datetime.datetime(2025, 9, 12, 17, 36, 37, 764962)
reg_c0362-cyp-reg_c,1,1.029375523112043,0,0,2,datetime.datetime(2025, 9, 12, 17, 36, 37, 764962)
reg_c0362-cyp-reg_a,1,1.0290235097726306,0,0,4,datetime.datetime(2025, 9, 12, 17, 37, 37, 764962)
reg_c0362-cyp-reg_b,1,1.0290235097726306,0,-0,1,datetime.datetime(2025, 9, 12, 17, 37, 37, 764962)
reg_c0362-cyp-reg_c,1,1.0290235097726306,0,0,2,datetime.datetime(2025, 9, 12, 17, 37, 37, 764962)
reg_c0362-cyp-reg_a,1,1.026056124763517,0,0,4,datetime.datetime(2025, 9, 12, 17, 38, 37, 764962)
reg_c0362-cyp-reg_b,1,1.026056124763517,0,-0,1,datetime.datetime(2025, 9, 12, 17, 38, 37, 764962)
reg_c0362-cyp-reg_c,1,1.026056124763517,0,0,2,datetime.datetime(2025, 9, 12, 17, 38, 37, 764962)
reg_c0362-cyp-reg_a,1,1.0268814813693516,0,0,4,datetime.datetime(2025, 9, 12, 17, 39, 37, 764962)
reg_c0362-cyp-reg_b,1,1.0268814813693516,0,-0,1,datetime.datetime(2025, 9, 12, 17, 39, 37, 764962)
reg_c0362-cyp-reg_c,1,1.0268814813693516,0,0,2,datetime.datetime(2025, 9, 12, 17, 39, 37, 764962)
reg_c0362-cyp-reg_a,1,1.0276430523762838,0,0,4,datetime.datetime(2025, 9, 12, 17, 40, 37, 764962)
reg_c0362-cyp-reg_b,1,1.0276430523762838,0,-0,1,datetime.datetime(2025, 9, 12, 17, 40, 37, 764962)
reg_c0362-cyp-reg_c,1,1.0276430523762838,0,0,2,datetime.datetime(2025, 9, 12, 17, 40, 37, 764962)
reg_c0362-cyp-reg_a,1,1.0290064971282074,0,0,4,datetime.datetime(2025, 9, 12, 17, 41, 37, 764962)
reg_c0362-cyp-reg_b,1,1.0290064971282074,0,-0,1,datetime.datetime(2025, 9, 12, 17, 41, 37, 764962)
reg_c0362-cyp-reg_c,1,1.0290064971282074,0,0,2,datetime.datetime(2025, 9, 12, 17, 41, 37, 764962)
reg_c0362-cyp-reg_a,1,1.030570580319404,0,0,4,datetime.datetime(2025, 9, 12, 17, 42, 37, 764962)
reg_c0362-cyp-reg_b,1,1.030570580319404,0,-0,1,datetime.datetime(2025, 9, 12, 17, 42, 37, 764962)
reg_c0362-cyp-reg_c,1,1.030570580319404,0,0,2,datetime.datetime(2025, 9, 12, 17, 42, 37, 764962)
reg_c0362-cyp-reg_a,1,1.032385925790906,0,0,4,datetime.datetime(2025, 9, 12, 17, 43, 37, 764962)
reg_c0362-cyp-reg_b,1,1.032385925790906,0,-0,1,datetime.datetime(2025, 9, 12, 17, 43, 37, 764962)
reg_c0362-cyp-reg_c,1,1.032385925790906,0,0,2,datetime.datetime(2025, 9, 12, 17, 43, 37, 764962)
reg_c0362-cyp-reg_a,1,1.0309142538346971,0,0,3,datetime.datetime(2025, 9, 12, 17, 44, 37, 764962)
reg_c0362-cyp-reg_b,1,1.0309142538346971,0,-0,1,datetime.datetime(2025, 9, 12, 17, 44, 37, 764962)
reg_c0362-cyp-reg_c,1,1.0309142538346971,0,0,3,datetime.datetime(2025, 9, 12, 17, 44, 37, 764962)
reg_c0362-cyp-reg_a,1,1.0301751899707103,0,0,3,datetime.datetime(2025, 9, 12, 17, 45, 37, 764962)
reg_c0362-cyp-reg_b,1,1.0301751899707103,0,-0,1,datetime.datetime(2025, 9, 12, 17, 45, 37, 764962)
reg_c0362-cyp-reg_c,1,1.0301751899707103,0,0,3,datetime.datetime(2025, 9, 12, 17, 45, 37, 764962)
reg_c0362-cyp-reg_a,1,1.0299337911806266,0,0,3,datetime.datetime(2025, 9, 12, 17, 46, 37, 764962)
reg_c0362-cyp-reg_b,1,1.0299337911806266,0,-0,1,datetime.datetime(2025, 9, 12, 17, 46, 37, 764962)
reg_c0362-cyp-reg_c,1,1.0299337911806266,0,0,2,datetime.datetime(2025, 9, 12, 17, 46, 37, 764962)
reg_c0362-cyp-reg_a,1,1.030452329335635,0,0,3,datetime.datetime(2025, 9, 12, 17, 47, 37, 764962)
reg_c0362-cyp-reg_b,1,1.030452329335635,0,-0,1,datetime.datetime(2025, 9, 12, 17, 47, 37, 764962)
reg_c0362-cyp-reg_c,1,1.030452329335635,0,0,2,datetime.datetime(2025, 9, 12, 17, 47, 37, 764962)
reg_c0362-cyp-reg_a,1,1.0310414003510446,0,0,3,datetime.datetime(2025, 9, 12, 17, 48, 37, 764962)
reg_c0362-cyp-reg_b,1,1.0310414003510446,0,-0,1,datetime.datetime(2025, 9, 12, 17, 48, 37, 764962)
reg_c0362-cyp-reg_c,1,1.0310414003510446,0,0,2,datetime.datetime(2025, 9, 12, 17, 48, 37, 764962)
reg_c0362-cyp-reg_a,1,1.0316495430361647,0,0,3,datetime.datetime(2025, 9, 12, 17, 49, 37, 764962)
reg_c0362-cyp-reg_b,1,1.0316495430361647,0,-0,1,datetime.datetime(2025, 9, 12, 17, 49, 37, 764962)
reg_c0362-cyp-reg_c,1,1.0316495430361647,0,0,2,datetime.datetime(2025, 9, 12, 17, 49, 37, 764962)
reg_c0362-cyp-reg_a,1,1.0314918040934051,0,0,3,datetime.datetime(2025, 9, 12, 17, 50, 37, 764962)
reg_c0362-cyp-reg_b,1,1.0314918040934051,0,-0,1,datetime.datetime(2025, 9, 12, 17, 50, 37, 764962)
reg_c0362-cyp-reg_c,1,1.0314918040934051,0,0,2,datetime.datetime(2025, 9, 12, 17, 50, 37, 764962)
reg_c0362-cyp-reg_a,1,1.031908440993203,0,0,3,datetime.datetime(2025, 9, 12, 17, 51, 37, 764962)
reg_c0362-cyp-reg_b,1,1.031908440993203,0,-0,1,datetime.datetime(2025, 9, 12, 17, 51, 37, 764962)
reg_c0362-cyp-reg_c,1,1.031908440993203,0,0,2,datetime.datetime(2025, 9, 12, 17, 51, 37, 764962)
reg_c0362-cyp-reg_a,1,1.0311988391072446,0,0,3,datetime.datetime(2025, 9, 12, 17, 52, 37, 764962)
reg_c0362-cyp-reg_b,1,1.0311988391072446,0,-0,1,datetime.datetime(2025, 9, 12, 17, 52, 37, 764962)
reg_c0362-cyp-reg_c,1,1.0311988391072446,0,0,2,datetime.datetime(2025, 9, 12, 17, 52, 37, 764962)
reg_c0362-cyp-reg_a,1,1.0307501257786362,0,0,3,datetime.datetime(2025, 9, 12, 17, 53, 37, 764962)
reg_c0362-cyp-reg_b,1,1.0307501257786362,0,-0,1,datetime.datetime(2025, 9, 12, 17, 53, 37, 764962)
reg_c0362-cyp-reg_c,1,1.0307501257786362,0,0,2,datetime.datetime(2025, 9, 12, 17, 53, 37, 764962)
reg_c0362-cyp-reg_a,1,1.0295136160124534,0,0,3,datetime.datetime(2025, 9, 12, 17, 54, 37, 764962)
reg_c0362-cyp-reg_b,1,1.0295136160124534,0,-0,1,datetime.datetime(2025, 9, 12, 17, 54, 37, 764962)
reg_c0362-cyp-reg_c,1,1.0295136160124534,0,0,2,datetime.datetime(2025, 9, 12, 17, 54, 37, 764962)
reg_c0362-cyp-reg_a,1,1.027246270085979,0,0,3,datetime.datetime(2025, 9, 12, 17, 55, 37, 764962)
reg_c0362-cyp-reg_b,1,1.027246270085979,0,-0,1,datetime.datetime(2025, 9, 12, 17, 55, 37, 764962)
reg_c0362-cyp-reg_c,1,1.027246270085979,0,0,2,datetime.datetime(2025, 9, 12, 17, 55, 37, 764962)
reg_c0362-cyp-reg_a,1,1.0314759137521692,0,0,4,datetime.datetime(2025, 9, 12, 17, 56, 37, 764962)
reg_c0362-cyp-reg_b,1,1.0314759137521692,0,-0,1,datetime.datetime(2025, 9, 12, 17, 56, 37, 764962)
reg_c0362-cyp-reg_c,1,1.0314759137521692,0,0,2,datetime.datetime(2025, 9, 12, 17, 56, 37, 764962)
reg_c0362-cyp-reg_a,1,1.0306362117722827,0,0,4,datetime.datetime(2025, 9, 12, 17, 57, 37, 764962)
reg_c0362-cyp-reg_b,1,1.0306362117722827,0,-0,1,datetime.datetime(2025, 9, 12, 17, 57, 37, 764962)
reg_c0362-cyp-reg_c,1,1.0306362117722827,0,0,2,datetime.datetime(2025, 9, 12, 17, 57, 37, 764962)
reg_c0362-cyp-reg_a,1,1.0295675880682968,0,0,4,datetime.datetime(2025, 9, 12, 17, 58, 37, 764962)
reg_c0362-cyp-reg_b,1,1.0295675880682968,0,-0,1,datetime.datetime(2025, 9, 12, 17, 58, 37, 764962)
reg_c0362-cyp-reg_c,1,1.0295675880682968,0,0,2,datetime.datetime(2025, 9, 12, 17, 58, 37, 764962)
reg_c0362-cyp-reg_a,1,1.0285855105396748,0,0,4,datetime.datetime(2025, 9, 12, 17, 59, 37, 764962)
reg_c0362-cyp-reg_b,1,1.0285855105396748,0,-0,1,datetime.datetime(2025, 9, 12, 17, 59, 37, 764962)
reg_c0362-cyp-reg_c,1,1.0285855105396748,0,0,2,datetime.datetime(2025, 9, 12, 17, 59, 37, 764962)
reg_c0362-cyp-reg_a,1,1.0251901332830846,0,0,4,datetime.datetime(2025, 9, 12, 18, 0, 37, 764962)
reg_c0362-cyp-reg_b,1,1.0251901332830846,0,-0,1,datetime.datetime(2025, 9, 12, 18, 0, 37, 764962)
reg_c0362-cyp-reg_c,1,1.0251901332830846,0,0,2,datetime.datetime(2025, 9, 12, 18, 0, 37, 764962)
reg_c0362-cyp-reg_a,1,1.0313928952813898,0,0,5,datetime.datetime(2025, 9, 12, 18, 1, 37, 764962)
reg_c0362-cyp-reg_b,1,1.0313928952813898,0,-0,1,datetime.datetime(2025, 9, 12, 18, 1, 37, 764962)
reg_c0362-cyp-reg_c,1,1.0313928952813898,0,0,2,datetime.datetime(2025, 9, 12, 18, 1, 37, 764962)
reg_c0362-cyp-reg_a,1,1.02982648703187,0,0,5,datetime.datetime(2025, 9, 12, 18, 2, 37, 764962)
reg_c0362-cyp-reg_b,1,1.02982648703187,0,-0,1,datetime.datetime(2025, 9, 12, 18, 2, 37, 764962)
reg_c0362-cyp-reg_c,1,1.02982648703187,0,0,2,datetime.datetime(2025, 9, 12, 18, 2, 37, 764962)
reg_c0362-cyp-reg_a,1,1.0302220894426148,0,0,5,datetime.datetime(2025, 9, 12, 18, 3, 37, 764962)
reg_c0362-cyp-reg_b,1,1.0302220894426148,0,-0,1,datetime.datetime(2025, 9, 12, 18, 3, 37, 764962)
reg_c0362-cyp-reg_c,1,1.0302220894426148,0,0,2,datetime.datetime(2025, 9, 12, 18, 3, 37, 764962)
reg_c0362-cyp-reg_a,1,1.0311527648289478,0,0,5,datetime.datetime(2025, 9, 12, 18, 4, 37, 764962)
reg_c0362-cyp-reg_b,1,1.0311527648289478,0,-0,1,datetime.datetime(2025, 9, 12, 18, 4, 37, 764962)
reg_c0362-cyp-reg_c,1,1.0311527648289478,0,0,2,datetime.datetime(2025, 9, 12, 18, 4, 37, 764962)
reg_c0362-cyp-reg_a,1,1.032823218211125,0,0,5,datetime.datetime(2025, 9, 12, 18, 5, 37, 764962)
reg_c0362-cyp-reg_b,1,1.032823218211125,0,-0,1,datetime.datetime(2025, 9, 12, 18, 5, 37, 764962)
reg_c0362-cyp-reg_c,1,1.032823218211125,0,0,2,datetime.datetime(2025, 9, 12, 18, 5, 37, 764962)
reg_c0362-cyp-reg_a,1,1.0267200609107923,0,0,4,datetime.datetime(2025, 9, 12, 18, 6, 37, 764962)
reg_c0362-cyp-reg_b,1,1.0267200609107923,0,-0,1,datetime.datetime(2025, 9, 12, 18, 6, 37, 764962)
reg_c0362-cyp-reg_c,1,1.0267200609107923,0,0,2,datetime.datetime(2025, 9, 12, 18, 6, 37, 764962)
reg_c0362-cyp-reg_a,1,1.0286993794779482,0,0,4,datetime.datetime(2025, 9, 12, 18, 7, 37, 764962)
reg_c0362-cyp-reg_b,1,1.0286993794779482,0,-0,1,datetime.datetime(2025, 9, 12, 18, 7, 37, 764962)
reg_c0362-cyp-reg_c,1,1.0286993794779482,0,0,2,datetime.datetime(2025, 9, 12, 18, 7, 37, 764962)
reg_c0362-cyp-reg_a,1,1.0294112184014605,0,0,3,datetime.datetime(2025, 9, 12, 18, 8, 37, 764962)
reg_c0362-cyp-reg_b,1,1.0294112184014605,0,-0,1,datetime.datetime(2025, 9, 12, 18, 8, 37, 764962)
reg_c0362-cyp-reg_c,1,1.0294112184014605,0,0,3,datetime.datetime(2025, 9, 12, 18, 8, 37, 764962)
reg_c0362-cyp-reg_a,1,1.027461106349223,0,0,3,datetime.datetime(2025, 9, 12, 18, 9, 37, 764962)
reg_c0362-cyp-reg_b,1,1.027461106349223,0,-0,1,datetime.datetime(2025, 9, 12, 18, 9, 37, 764962)
reg_c0362-cyp-reg_c,1,1.027461106349223,0,0,2,datetime.datetime(2025, 9, 12, 18, 9, 37, 764962)
reg_c0362-cyp-reg_a,1,1.0281293614870026,0,0,3,datetime.datetime(2025, 9, 12, 18, 10, 37, 764962)
reg_c0362-cyp-reg_b,1,1.0281293614870026,0,-0,1,datetime.datetime(2025, 9, 12, 18, 10, 37, 764962)
reg_c0362-cyp-reg_c,1,1.0281293614870026,0,0,2,datetime.datetime(2025, 9, 12, 18, 10, 37, 764962)
reg_c0362-cyp-reg_a,1,1.0289781853415547,0,0,3,datetime.datetime(2025, 9, 12, 18, 11, 37, 764962)
reg_c0362-cyp-reg_b,1,1.0289781853415547,0,-0,1,datetime.datetime(2025, 9, 12, 18, 11, 37, 764962)
reg_c0362-cyp-reg_c,1,1.0289781853415547,0,0,2,datetime.datetime(2025, 9, 12, 18, 11, 37, 764962)
reg_c0362-cyp-reg_a,1,1.0290730339137888,0,0,3,datetime.datetime(2025, 9, 12, 18, 12, 37, 764962)
reg_c0362-cyp-reg_b,1,1.0290730339137888,0,-0,1,datetime.datetime(2025, 9, 12, 18, 12, 37, 764962)
reg_c0362-cyp-reg_c,1,1.0290730339137888,0,0,2,datetime.datetime(2025, 9, 12, 18, 12, 37, 764962)
reg_c0362-cyp-reg_a,1,1.029405362785794,0,0,3,datetime.datetime(2025, 9, 12, 18, 13, 37, 764962)
reg_c0362-cyp-reg_b,1,1.029405362785794,0,-0,1,datetime.datetime(2025, 9, 12, 18, 13, 37, 764962)
reg_c0362-cyp-reg_c,1,1.029405362785794,0,0,2,datetime.datetime(2025, 9, 12, 18, 13, 37, 764962)
reg_c0362-cyp-reg_a,1,1.0292257326088237,0,0,3,datetime.datetime(2025, 9, 12, 18, 14, 37, 764962)
reg_c0362-cyp-reg_b,1,1.0292257326088237,0,-0,1,datetime.datetime(2025, 9, 12, 18, 14, 37, 764962)
reg_c0362-cyp-reg_c,1,1.0292257326088237,0,0,2,datetime.datetime(2025, 9, 12, 18, 14, 37, 764962)
reg_c0362-cyp-reg_a,1,1.029714965018361,0,0,3,datetime.datetime(2025, 9, 12, 18, 15, 37, 764962)
reg_c0362-cyp-reg_b,1,1.029714965018361,0,-0,1,datetime.datetime(2025, 9, 12, 18, 15, 37, 764962)
reg_c0362-cyp-reg_c,1,1.029714965018361,0,0,2,datetime.datetime(2025, 9, 12, 18, 15, 37, 764962)
reg_c0362-cyp-reg_a,1,1.0286570709163636,0,0,3,datetime.datetime(2025, 9, 12, 18, 16, 37, 764962)
reg_c0362-cyp-reg_b,1,1.0286570709163636,0,-0,1,datetime.datetime(2025, 9, 12, 18, 16, 37, 764962)
reg_c0362-cyp-reg_c,1,1.0286570709163636,0,0,2,datetime.datetime(2025, 9, 12, 18, 16, 37, 764962)
reg_c0362-cyp-reg_a,1,1.0283987145097244,0,0,3,datetime.datetime(2025, 9, 12, 18, 17, 37, 764962)
reg_c0362-cyp-reg_b,1,1.0283987145097244,0,-0,1,datetime.datetime(2025, 9, 12, 18, 17, 37, 764962)
reg_c0362-cyp-reg_c,1,1.0283987145097244,0,0,2,datetime.datetime(2025, 9, 12, 18, 17, 37, 764962)
reg_c0362-cyp-reg_a,1,1.0277732519702518,0,0,3,datetime.datetime(2025, 9, 12, 18, 18, 37, 764962)
reg_c0362-cyp-reg_b,1,1.0277732519702518,0,-0,1,datetime.datetime(2025, 9, 12, 18, 18, 37, 764962)
reg_c0362-cyp-reg_c,1,1.0277732519702518,0,0,2,datetime.datetime(2025, 9, 12, 18, 18, 37, 764962)
reg_c0362-cyp-reg_a,1,1.0263515251537276,0,0,3,datetime.datetime(2025, 9, 12, 18, 19, 37, 764962)
reg_c0362-cyp-reg_b,1,1.0263515251537276,0,-0,1,datetime.datetime(2025, 9, 12, 18, 19, 37, 764962)
reg_c0362-cyp-reg_c,1,1.0263515251537276,0,0,2,datetime.datetime(2025, 9, 12, 18, 19, 37, 764962)
reg_c0362-cyp-reg_a,1,1.0312685645425446,0,0,4,datetime.datetime(2025, 9, 12, 18, 20, 37, 764962)
reg_c0362-cyp-reg_b,1,1.0312685645425446,0,-0,1,datetime.datetime(2025, 9, 12, 18, 20, 37, 764962)
reg_c0362-cyp-reg_c,1,1.0312685645425446,0,0,2,datetime.datetime(2025, 9, 12, 18, 20, 37, 764962)
reg_c0362-cyp-reg_a,1,1.0300391752643068,0,0,4,datetime.datetime(2025, 9, 12, 18, 21, 37, 764962)
reg_c0362-cyp-reg_b,1,1.0300391752643068,0,-0,1,datetime.datetime(2025, 9, 12, 18, 21, 37, 764962)
reg_c0362-cyp-reg_c,1,1.0300391752643068,0,0,2,datetime.datetime(2025, 9, 12, 18, 21, 37, 764962)
reg_c0362-cyp-reg_a,1,1.0286853142486465,0,0,4,datetime.datetime(2025, 9, 12, 18, 22, 37, 764962)
reg_c0362-cyp-reg_b,1,1.0286853142486465,0,-0,1,datetime.datetime(2025, 9, 12, 18, 22, 37, 764962)
reg_c0362-cyp-reg_c,1,1.0286853142486465,0,0,2,datetime.datetime(2025, 9, 12, 18, 22, 37, 764962)
reg_c0362-cyp-reg_a,1,1.0274983090520289,0,0,4,datetime.datetime(2025, 9, 12, 18, 23, 37, 764962)
reg_c0362-cyp-reg_b,1,1.0274983090520289,0,-0,1,datetime.datetime(2025, 9, 12, 18, 23, 37, 764962)
reg_c0362-cyp-reg_c,1,1.0274983090520289,0,0,2,datetime.datetime(2025, 9, 12, 18, 23, 37, 764962)
reg_c0362-cyp-reg_a,1,1.0260502097657878,0,0,4,datetime.datetime(2025, 9, 12, 18, 24, 37, 764962)
reg_c0362-cyp-reg_b,1,1.0260502097657878,0,-0,1,datetime.datetime(2025, 9, 12, 18, 24, 37, 764962)
reg_c0362-cyp-reg_c,1,1.0260502097657878,0,0,2,datetime.datetime(2025, 9, 12, 18, 24, 37, 764962)
