name,net_load,net_reactive_load,timestamp
sd3,1201.138162825234,-2469.6981187615593,datetime.datetime(2025, 9, 12, 15, 55, 37, 764962)
sd3,1215.1139867169816,-2478.4408236868,datetime.datetime(2025, 9, 12, 15, 57, 37, 764962)
sd3,1287.923404850261,-2452.466153637985,datetime.datetime(2025, 9, 12, 15, 58, 37, 764962)
sd3,1434.2093805839245,-2400.336598621646,datetime.datetime(2025, 9, 12, 15, 59, 37, 764962)
sd3,1487.7385478097194,-2380.492784247649,datetime.datetime(2025, 9, 12, 16, 0, 37, 764962)
sd3,1539.7832457587401,-2361.6658918227313,datetime.datetime(2025, 9, 12, 16, 1, 37, 764962)
sd3,1680.1504625731093,-2311.713434069729,datetime.datetime(2025, 9, 12, 16, 2, 37, 764962)
sd3,1603.8870340514388,-2338.4475870576343,datetime.datetime(2025, 9, 12, 16, 3, 37, 764962)
sd3,1544.4977944721581,-2358.297937885183,datetime.datetime(2025, 9, 12, 16, 4, 37, 764962)
sd3,1501.6580305850487,-2373.9900861861715,datetime.datetime(2025, 9, 12, 16, 5, 37, 764962)
sd3,1437.954175862725,-2395.856566587287,datetime.datetime(2025, 9, 12, 16, 6, 37, 764962)
sd3,1275.0339734219592,-2442.2271750351406,datetime.datetime(2025, 9, 12, 16, 7, 37, 764962)
sd3,1503.1460635008784,-2361.925642614241,datetime.datetime(2025, 9, 12, 16, 8, 37, 764962)
sd3,1172.2721730829267,-2492.4034331604353,datetime.datetime(2025, 9, 12, 16, 9, 37, 764962)
sd3,967.9599148886614,-2552.6051927061917,datetime.datetime(2025, 9, 12, 16, 10, 37, 764962)
sd3,961.2218566364835,-2555.4575063983893,datetime.datetime(2025, 9, 12, 16, 11, 37, 764962)
sd3,877.038929571273,-2585.239735592031,datetime.datetime(2025, 9, 12, 16, 12, 37, 764962)
sd3,775.5684086133192,-2621.3081532460233,datetime.datetime(2025, 9, 12, 16, 13, 37, 764962)
sd3,834.1584227949235,-2600.8064943997247,datetime.datetime(2025, 9, 12, 16, 14, 37, 764962)
sd3,799.1007640924116,-2612.969671871402,datetime.datetime(2025, 9, 12, 16, 15, 37, 764962)
sd3,816.2357722225455,-2606.5777402560643,datetime.datetime(2025, 9, 12, 16, 16, 37, 764962)
sd3,914.9921941626457,-2571.8862365917335,datetime.datetime(2025, 9, 12, 16, 17, 37, 764962)
sd3,1008.2562744011865,-2538.511877301719,datetime.datetime(2025, 9, 12, 16, 18, 37, 764962)
sd3,1136.2917940437924,-2493.2349369879926,datetime.datetime(2025, 9, 12, 16, 19, 37, 764962)
sd3,1369.6250883130156,-2409.9506039010867,datetime.datetime(2025, 9, 12, 16, 20, 37, 764962)
sd3,1442.3909360994714,-2384.217561430825,datetime.datetime(2025, 9, 12, 16, 21, 37, 764962)
sd3,1490.8175658712573,-2379.0271688589633,datetime.datetime(2025, 9, 12, 16, 22, 37, 764962)
sd3,1510.9207686952182,-2371.887959429801,datetime.datetime(2025, 9, 12, 16, 23, 37, 764962)
sd3,1501.7876909645045,-2374.832204536581,datetime.datetime(2025, 9, 12, 16, 24, 37, 764962)
sd3,1428.8027018862617,-2400.9626759958364,datetime.datetime(2025, 9, 12, 16, 25, 37, 764962)
sd3,1489.3527860153224,-2379.608285627525,datetime.datetime(2025, 9, 12, 16, 26, 37, 764962)
sd3,1300.1848552987155,-2446.5858159641048,datetime.datetime(2025, 9, 12, 16, 27, 37, 764962)
sd3,1189.9692742800855,-2485.6079471115086,datetime.datetime(2025, 9, 12, 16, 28, 37, 764962)
sd3,1217.485271270242,-2476.0405887790153,datetime.datetime(2025, 9, 12, 16, 29, 37, 764962)
sd3,1167.3677860686398,-2493.966374122678,datetime.datetime(2025, 9, 12, 16, 30, 37, 764962)
sd3,1049.310100880261,-2524.0183289481242,datetime.datetime(2025, 9, 12, 16, 31, 37, 764962)
sd3,1170.705344706818,-2481.582410480933,datetime.datetime(2025, 9, 12, 16, 32, 37, 764962)
sd3,920.6791904204857,-2569.7583579272236,datetime.datetime(2025, 9, 12, 16, 33, 37, 764962)
sd3,803.3404059806212,-2610.069827190006,datetime.datetime(2025, 9, 12, 16, 34, 37, 764962)
sd3,750.6004579341477,-2628.8217271455565,datetime.datetime(2025, 9, 12, 16, 35, 37, 764962)
sd3,694.2610836084234,-2649.166254426307,datetime.datetime(2025, 9, 12, 16, 36, 37, 764962)
sd3,682.2397064659984,-2652.7000296936135,datetime.datetime(2025, 9, 12, 16, 37, 37, 764962)
sd3,727.0243223641897,-2636.8954153088944,datetime.datetime(2025, 9, 12, 16, 38, 37, 764962)
sd3,699.1335698646888,-2647.3784282231222,datetime.datetime(2025, 9, 12, 16, 39, 37, 764962)
sd3,751.0678584457296,-2628.894921280823,datetime.datetime(2025, 9, 12, 16, 40, 37, 764962)
sd3,851.1460255909396,-2593.791237727971,datetime.datetime(2025, 9, 12, 16, 41, 37, 764962)
sd3,940.2043065671412,-2562.9053584239095,datetime.datetime(2025, 9, 12, 16, 42, 37, 764962)
sd3,1083.3200354161077,-2512.2172413404396,datetime.datetime(2025, 9, 12, 16, 43, 37, 764962)
sd3,1293.0518526531855,-2437.9452847004477,datetime.datetime(2025, 9, 12, 16, 44, 37, 764962)
sd3,1313.3016184877906,-2430.879724290964,datetime.datetime(2025, 9, 12, 16, 45, 37, 764962)
sd3,1326.2753997689051,-2425.858882113721,datetime.datetime(2025, 9, 12, 16, 46, 37, 764962)
sd3,1464.6233302555818,-2389.0154932517567,datetime.datetime(2025, 9, 12, 16, 47, 37, 764962)
sd3,1503.6236386855815,-2374.6622180793515,datetime.datetime(2025, 9, 12, 16, 48, 37, 764962)
sd3,1476.4804802279402,-2384.0865344359745,datetime.datetime(2025, 9, 12, 16, 49, 37, 764962)
sd3,1439.9198262301873,-2396.9996709370594,datetime.datetime(2025, 9, 12, 16, 50, 37, 764962)
sd3,1299.692483388946,-2446.98523326134,datetime.datetime(2025, 9, 12, 16, 51, 37, 764962)
sd3,1191.882053000078,-2485.115033096509,datetime.datetime(2025, 9, 12, 16, 52, 37, 764962)
sd3,1196.9413901271992,-2483.5669244469036,datetime.datetime(2025, 9, 12, 16, 53, 37, 764962)
sd3,1127.8345906257564,-2496.1492719325847,datetime.datetime(2025, 9, 12, 16, 54, 37, 764962)
sd3,1050.221179484822,-2523.2101592091603,datetime.datetime(2025, 9, 12, 16, 55, 37, 764962)
sd3,1239.7087878016714,-2469.5398519784253,datetime.datetime(2025, 9, 12, 16, 56, 37, 764962)
sd3,939.3888114246633,-2575.7302019090516,datetime.datetime(2025, 9, 12, 16, 57, 37, 764962)
sd3,792.669130200338,-2615.254546073906,datetime.datetime(2025, 9, 12, 16, 58, 37, 764962)
sd3,774.7898356934725,-2621.858687803684,datetime.datetime(2025, 9, 12, 16, 59, 37, 764962)
sd3,710.8088298425698,-2644.4105528535283,datetime.datetime(2025, 9, 12, 17, 0, 37, 764962)
sd3,702.001168175024,-2647.520422700163,datetime.datetime(2025, 9, 12, 17, 1, 37, 764962)
sd3,737.5968626341671,-2635.099852296194,datetime.datetime(2025, 9, 12, 17, 2, 37, 764962)
sd3,698.867790755179,-2648.661748495288,datetime.datetime(2025, 9, 12, 17, 3, 37, 764962)
sd3,672.4645334328393,-2658.0320959508995,datetime.datetime(2025, 9, 12, 17, 4, 37, 764962)
sd3,757.2629374809926,-2627.8928200791684,datetime.datetime(2025, 9, 12, 17, 5, 37, 764962)
sd3,838.0082278953408,-2599.051296380551,datetime.datetime(2025, 9, 12, 17, 6, 37, 764962)
sd3,1071.5023528217175,-2515.2832913313628,datetime.datetime(2025, 9, 12, 17, 7, 37, 764962)
sd3,1382.379657663165,-2403.375954370566,datetime.datetime(2025, 9, 12, 17, 8, 37, 764962)
sd3,1466.3242166839875,-2373.140843957539,datetime.datetime(2025, 9, 12, 17, 9, 37, 764962)
sd3,1516.8194360061623,-2354.8794073599447,datetime.datetime(2025, 9, 12, 17, 10, 37, 764962)
sd3,1620.6678601348674,-2330.002159832335,datetime.datetime(2025, 9, 12, 17, 11, 37, 764962)
sd3,1601.6901466569404,-2336.4801663834387,datetime.datetime(2025, 9, 12, 17, 12, 37, 764962)
sd3,1629.575418113035,-2326.1648822972343,datetime.datetime(2025, 9, 12, 17, 13, 37, 764962)
sd3,1754.0496083658988,-2281.4885348287253,datetime.datetime(2025, 9, 12, 17, 14, 37, 764962)
sd3,1723.2754296742446,-2292.1672679178696,datetime.datetime(2025, 9, 12, 17, 15, 37, 764962)
sd3,1670.910729952001,-2311.044266991472,datetime.datetime(2025, 9, 12, 17, 16, 37, 764962)
sd3,1629.8942992616826,-2326.166106743509,datetime.datetime(2025, 9, 12, 17, 17, 37, 764962)
sd3,1514.3235729349358,-2367.9529060717223,datetime.datetime(2025, 9, 12, 17, 18, 37, 764962)
sd3,1389.7710051731558,-2412.168004919763,datetime.datetime(2025, 9, 12, 17, 19, 37, 764962)
sd3,1528.408546517342,-2363.8507686886223,datetime.datetime(2025, 9, 12, 17, 20, 37, 764962)
sd3,1273.3489897440097,-2454.1564701251305,datetime.datetime(2025, 9, 12, 17, 21, 37, 764962)
sd3,1087.537200555994,-2507.907459391674,datetime.datetime(2025, 9, 12, 17, 22, 37, 764962)
sd3,1061.6706746846294,-2517.148778697779,datetime.datetime(2025, 9, 12, 17, 23, 37, 764962)
sd3,999.7955679468673,-2539.2646943840473,datetime.datetime(2025, 9, 12, 17, 24, 37, 764962)
sd3,939.8079929475058,-2560.3184026251556,datetime.datetime(2025, 9, 12, 17, 25, 37, 764962)
sd3,936.6119221339574,-2561.591633668183,datetime.datetime(2025, 9, 12, 17, 26, 37, 764962)
sd3,880.7963963160487,-2581.4698281617907,datetime.datetime(2025, 9, 12, 17, 27, 37, 764962)
sd3,893.0868170687198,-2576.9666321843015,datetime.datetime(2025, 9, 12, 17, 28, 37, 764962)
sd3,973.4556688862681,-2548.5210099817537,datetime.datetime(2025, 9, 12, 17, 29, 37, 764962)
sd3,1054.4134671851782,-2519.5472412987806,datetime.datetime(2025, 9, 12, 17, 30, 37, 764962)
sd3,1200.9772270186404,-2467.457183770622,datetime.datetime(2025, 9, 12, 17, 31, 37, 764962)
sd3,1401.1280856614499,-2396.1937664740594,datetime.datetime(2025, 9, 12, 17, 32, 37, 764962)
sd3,1486.9471417876282,-2365.331312675541,datetime.datetime(2025, 9, 12, 17, 33, 37, 764962)
sd3,1598.3945961651657,-2337.480435685006,datetime.datetime(2025, 9, 12, 17, 34, 37, 764962)
sd3,1702.2970289074547,-2299.6592662092953,datetime.datetime(2025, 9, 12, 17, 35, 37, 764962)
sd3,1774.4129192074233,-2273.5812332232213,datetime.datetime(2025, 9, 12, 17, 36, 37, 764962)
sd3,1781.8351357999468,-2270.33514808938,datetime.datetime(2025, 9, 12, 17, 37, 37, 764962)
sd3,1961.6916160351504,-2205.800899408522,datetime.datetime(2025, 9, 12, 17, 38, 37, 764962)
sd3,1889.1526280060195,-2231.174326835908,datetime.datetime(2025, 9, 12, 17, 39, 37, 764962)
sd3,1807.925970570487,-2260.609456783569,datetime.datetime(2025, 9, 12, 17, 40, 37, 764962)
sd3,1737.2897760782805,-2286.761266211395,datetime.datetime(2025, 9, 12, 17, 41, 37, 764962)
sd3,1621.1485972012545,-2328.7304881871505,datetime.datetime(2025, 9, 12, 17, 42, 37, 764962)
sd3,1497.7075344770076,-2372.7267195363397,datetime.datetime(2025, 9, 12, 17, 43, 37, 764962)
sd3,1651.3987897930074,-2318.3959500278597,datetime.datetime(2025, 9, 12, 17, 44, 37, 764962)
sd3,1349.925321644507,-2425.6157541310745,datetime.datetime(2025, 9, 12, 17, 45, 37, 764962)
sd3,1158.7238565150165,-2481.3205977941416,datetime.datetime(2025, 9, 12, 17, 46, 37, 764962)
sd3,1137.7161107712877,-2488.8792531346244,datetime.datetime(2025, 9, 12, 17, 47, 37, 764962)
sd3,1041.6344873623839,-2523.242457160109,datetime.datetime(2025, 9, 12, 17, 48, 37, 764962)
sd3,956.3597803922397,-2553.8447128743505,datetime.datetime(2025, 9, 12, 17, 49, 37, 764962)
sd3,860.4937720079226,-2589.8453444744487,datetime.datetime(2025, 9, 12, 17, 50, 37, 764962)
sd3,769.5315972435578,-2622.764063807995,datetime.datetime(2025, 9, 12, 17, 51, 37, 764962)
sd3,754.3829415484153,-2628.806400001531,datetime.datetime(2025, 9, 12, 17, 52, 37, 764962)
sd3,829.3922546276972,-2602.550615769416,datetime.datetime(2025, 9, 12, 17, 53, 37, 764962)
sd3,955.2824340376814,-2557.112299892531,datetime.datetime(2025, 9, 12, 17, 54, 37, 764962)
sd3,1177.4087456692614,-2476.6252972694197,datetime.datetime(2025, 9, 12, 17, 55, 37, 764962)
sd3,1483.8052096941128,-2378.6972988270554,datetime.datetime(2025, 9, 12, 17, 56, 37, 764962)
sd3,1588.426067932958,-2340.7652229677387,datetime.datetime(2025, 9, 12, 17, 57, 37, 764962)
sd3,1637.879151524805,-2321.451736016604,datetime.datetime(2025, 9, 12, 17, 58, 37, 764962)
sd3,1716.541170132802,-2293.056193700499,datetime.datetime(2025, 9, 12, 17, 59, 37, 764962)
sd3,1913.6699698415575,-2221.7422758873317,datetime.datetime(2025, 9, 12, 18, 0, 37, 764962)
sd3,1985.1775590584996,-2207.1321834966066,datetime.datetime(2025, 9, 12, 18, 1, 37, 764962)
sd3,2083.226377434605,-2171.172845558322,datetime.datetime(2025, 9, 12, 18, 2, 37, 764962)
sd3,2004.9112778052433,-2199.9145159549694,datetime.datetime(2025, 9, 12, 18, 3, 37, 764962)
sd3,1924.127787549223,-2229.9384674701673,datetime.datetime(2025, 9, 12, 18, 4, 37, 764962)
sd3,1816.5458365694496,-2269.555033711945,datetime.datetime(2025, 9, 12, 18, 5, 37, 764962)
sd3,1715.5007026627043,-2294.315486564764,datetime.datetime(2025, 9, 12, 18, 6, 37, 764962)
sd3,1544.925112270175,-2356.0880211686185,datetime.datetime(2025, 9, 12, 18, 7, 37, 764962)
sd3,1741.3524791724783,-2287.835828025366,datetime.datetime(2025, 9, 12, 18, 8, 37, 764962)
sd3,1386.1241317462182,-2401.8066629656155,datetime.datetime(2025, 9, 12, 18, 9, 37, 764962)
sd3,1132.5374784308067,-2491.9408850037726,datetime.datetime(2025, 9, 12, 18, 10, 37, 764962)
sd3,1072.8718643786483,-2513.183852824131,datetime.datetime(2025, 9, 12, 18, 11, 37, 764962)
sd3,1055.7846762087418,-2519.476301194382,datetime.datetime(2025, 9, 12, 18, 12, 37, 764962)
sd3,993.8674108694153,-2541.1828474232334,datetime.datetime(2025, 9, 12, 18, 13, 37, 764962)
sd3,988.3726041270173,-2543.3447107594684,datetime.datetime(2025, 9, 12, 18, 14, 37, 764962)
sd3,983.9676202908429,-2545.067673393749,datetime.datetime(2025, 9, 12, 18, 15, 37, 764962)
sd3,1019.6500560999507,-2532.5521843081347,datetime.datetime(2025, 9, 12, 18, 16, 37, 764962)
sd3,1037.7340511971488,-2526.289987555866,datetime.datetime(2025, 9, 12, 18, 17, 37, 764962)
sd3,1144.3422164404662,-2488.428180387564,datetime.datetime(2025, 9, 12, 18, 18, 37, 764962)
sd3,1262.6580119352243,-2446.438033045057,datetime.datetime(2025, 9, 12, 18, 19, 37, 764962)
sd3,1521.8802315584119,-2366.1866266950647,datetime.datetime(2025, 9, 12, 18, 20, 37, 764962)
sd3,1636.407258653617,-2324.970442926967,datetime.datetime(2025, 9, 12, 18, 21, 37, 764962)
sd3,1737.237922689239,-2288.5291991870677,datetime.datetime(2025, 9, 12, 18, 22, 37, 764962)
sd3,1828.0152182267855,-2255.6012686275767,datetime.datetime(2025, 9, 12, 18, 23, 37, 764962)
sd3,1946.7330772513315,-2213.1478567717645,datetime.datetime(2025, 9, 12, 18, 24, 37, 764962)
